NOMPROV;ORGANIZACION;NIVEL;SLA;HORARIO;MES;ANIO;NUM_INCIDENTE;FECHA_INI;FECHA_FIN;GRUPO;PRIORIDAD;ESTADO;SUBESTADO;FECHA_REAPERTURA;IMPACTO;MINUTOSHAB;STATUS_ACTUAL;FECHACREACION;PROVEEDOR;PERIODO;
NTTDATA;NTTDATA N2;2;1200;L a V 8 a 18;2;2025;INC000007401588;24/09/2024 15:51:14;28/02/2025 23:59:59;N2_DEVOPS_PCRM_TEF;Baja;Pendiente;NO;;Bajo;0;Cerrado;24/09/2024 13:35:30;44;02_2025;
NTTDATA;NTTDAATA N3;3;4800;L a V 8 a 18;2;2025;INC000007404956;27/09/2024 12:32:29;28/02/2025 23:59:59;N3_EVERIS_WEBAPO;Baja;Pendiente;NO;;Bajo;0;Cerrado;27/09/2024 11:51:22;44;02_2025;
NTTDATA;NTTDATA N2;2;60;7x24;2;2025;INC000007414190;10/10/2024 13:57:11;28/02/2025 23:59:59;N2_TIENDA_EVERIS;Critica;Pendiente;NO;;Alto;0;Cerrado;10/10/2024 13:51:25;44;02_2025;
NTTDATA;NTTDATA N2;2;60;7x24;2;2025;INC000007418624;10/10/2024 14:31:25;28/02/2025 23:59:59;N2_EVERIS_MIMOVISTAR;Critica;Pendiente;NO;;Alto;0;Pendiente;10/10/2024 10:14:57;44;02_2025;
NTTDATA;NTTDATA N2;2;60;7x24;2;2025;INC000007418896;10/10/2024 13:57:21;28/02/2025 23:59:59;N2_TIENDA_EVERIS;Critica;Pendiente;NO;;Alto;0;Cerrado;10/10/2024 13:47:39;44;02_2025;
NTTDATA;NTTDAATA N3;3;4800;L a V 8 a 18;2;2025;INC000007470744;05/12/2024 18:18:53;28/02/2025 23:59:59;N3_EVERIS_WEBAPO;Baja;Pendiente;NO;;Bajo;0;Pendiente;29/11/2024 17:17:54;44;02_2025;
NTTDATA;NTTDAATA N3;3;4800;L a V 8 a 18;2;2025;INC000007476197;05/12/2024 17:49:43;28/02/2025 23:59:59;N3_EVERIS_WEBAPO;Baja;Pendiente;NO;;Bajo;0;Pendiente;04/12/2024 09:48:58;44;02_2025;
NTTDATA;NTTDATA N2;2;60;7x24;2;2025;INC000007480553;09/12/2024 11:12:53;28/02/2025 23:59:59;N2_EVERIS_MIMOVISTAR;Critica;Pendiente;NO;;Critico;0;Pendiente;09/12/2024 10:31:40;44;02_2025;
NTTDATA;NTTDATA N2;2;60;7x24;2;2025;INC000007484723;11/12/2024 17:53:14;17/02/2025 18:06:06;N2_TIENDA_EVERIS;Critica;Resolved Pend;NO;;Critico;0;Resuelto;11/12/2024 16:26:54;44;02_2025;
NTTDATA;NTTDATA N2;2;1200;L a V 8 a 18;2;2025;INC000007531833;08/01/2025 17:33:54;06/02/2025 11:14:51;N2_DEVOPS_PCRM_TEF;Baja;Resolved Pend;NO;;Bajo;0;Cerrado;08/01/2025 13:14:59;44;02_2025;
NTTDATA;NTTDATA N2;2;1200;L a V 8 a 18;2;2025;INC000007541001;16/01/2025 10:05:06;17/02/2025 12:21:57;N2_EVERIS_MIMOVISTAR;Baja;Resolved Pend;NO;;Bajo;0;Cerrado;15/01/2025 13:02:58;44;02_2025;
NTTDATA;NTTDATA N2;2;1440;L a V 8 a 20;2;2025;INC000007542485;16/01/2025 14:50:00;28/02/2025 23:59:59;N2_EVERIS_MIMOVISTAR;Baja;Pendiente;NO;;Critico;0;Pendiente;16/01/2025 14:34:28;44;02_2025;
NTTDATA;NTTDATA N2;2;1200;L a V 8 a 18;2;2025;INC000007543527;21/01/2025 07:57:57;28/02/2025 23:59:59;N2_EVERIS_MIMOVISTAR;Baja;Pendiente;NO;;Bajo;0;Cerrado;17/01/2025 12:01:05;44;02_2025;
NTTDATA;NTTDATA N2;2;1440;L a V 8 a 20;2;2025;INC000007546159;20/01/2025 12:35:19;28/02/2025 23:59:59;N2_EVERIS_MIMOVISTAR;Baja;Pendiente;NO;;Critico;0;Cerrado;20/01/2025 11:19:53;44;02_2025;
NTTDATA;NTTDATA N2;2;1200;L a V 8 a 18;2;2025;INC000007546675;21/01/2025 09:43:49;07/02/2025 09:55:19;N2_EVERIS_MIMOVISTAR;Baja;Resolved Pend;NO;;Bajo;0;Cerrado;20/01/2025 16:31:39;44;02_2025;
NTTDATA;NTTDATA N2;2;1200;L a V 8 a 18;2;2025;INC000007549862;22/01/2025 18:04:43;07/02/2025 09:55:40;N2_EVERIS_MIMOVISTAR;Baja;Resolved Pend;NO;;Bajo;0;Cerrado;22/01/2025 17:41:37;44;02_2025;
NTTDATA;NTTDATA N2;2;1200;L a V 8 a 18;2;2025;INC000007549947;23/01/2025 09:47:09;07/02/2025 09:56:01;N2_EVERIS_MIMOVISTAR;Baja;Resolved Pend;NO;;Bajo;0;Cerrado;22/01/2025 20:39:36;44;02_2025;
NTTDATA;NTTDATA N2;2;1200;L a V 8 a 18;2;2025;INC000007550475;23/01/2025 13:00:18;07/02/2025 09:56:20;N2_EVERIS_MIMOVISTAR;Baja;Resolved Pend;NO;;Bajo;0;Cerrado;23/01/2025 10:06:41;44;02_2025;
NTTDATA;NTTDATA N2;2;1200;L a V 8 a 18;2;2025;INC000007552609;27/01/2025 18:06:28;07/02/2025 09:56:48;N2_EVERIS_MIMOVISTAR;Baja;Resolved Pend;NO;;Bajo;0;Cerrado;24/01/2025 19:51:07;44;02_2025;
NTTDATA;NTTDATA N2;2;1200;L a V 8 a 18;2;2025;INC000007554384;27/01/2025 17:28:42;05/02/2025 11:36:53;N2_TIENDA_EVERIS;Baja;Resolved Pend;NO;;Bajo;0;Cerrado;27/01/2025 17:05:42;44;02_2025;
NTTDATA;NTTDAATA N3;3;4800;L a V 8 a 18;2;2025;INC000007555265;28/01/2025 18:52:49;28/02/2025 23:59:59;N3_EVERIS_WEBAPO;Baja;Pendiente;NO;;Bajo;0;Cerrado;28/01/2025 11:24:43;44;02_2025;
NTTDATA;NTTDATA N2;2;1200;L a V 8 a 18;2;2025;INC000007555956;28/01/2025 18:16:25;17/02/2025 12:23:02;N2_EVERIS_MIMOVISTAR;Baja;Resolved Pend;NO;;Bajo;0;Cerrado;28/01/2025 17:34:06;44;02_2025;
NTTDATA;NTTDATA N2;2;1200;L a V 8 a 18;2;2025;INC000007556628;29/01/2025 14:57:48;17/02/2025 12:23:48;N2_EVERIS_MIMOVISTAR;Baja;Resolved Pend;NO;;Bajo;0;Cerrado;29/01/2025 13:31:06;44;02_2025;
NTTDATA;NTTDATA N2;2;1200;L a V 8 a 18;2;2025;INC000007556765;29/01/2025 14:58:24;17/02/2025 15:34:43;N2_EVERIS_MIMOVISTAR;Baja;Resolved Pend;NO;;Bajo;0;Cerrado;29/01/2025 13:45:02;44;02_2025;
NTTDATA;NTTDATA N2;2;1200;L a V 8 a 18;2;2025;INC000007557882;30/01/2025 12:16:59;04/02/2025 10:21:34;N2_TIENDA_EVERIS;Baja;Resolved Pend;NO;;Bajo;0;Cerrado;30/01/2025 12:02:00;44;02_2025;
NTTDATA;NTTDATA N2;2;1440;L a V 8 a 20;2;2025;INC000007558124;30/01/2025 15:36:51;17/02/2025 18:08:17;N2_EVERIS_MIMOVISTAR;Baja;Resolved Pend;NO;;Critico;0;Cerrado;30/01/2025 14:52:06;44;02_2025;
NTTDATA;NTTDATA N2;2;1200;L a V 8 a 18;2;2025;INC000007559006;31/01/2025 13:57:39;17/02/2025 15:35:34;N2_EVERIS_MIMOVISTAR;Baja;Resolved Pend;NO;;Bajo;0;Cerrado;31/01/2025 11:40:47;44;02_2025;
NTTDATA;NTTDATA N2;2;1200;L a V 8 a 18;2;2025;INC000007559465;31/01/2025 16:16:18;05/02/2025 11:38:16;N2_TIENDA_EVERIS;Baja;Resolved Pend;NO;;Bajo;0;Cerrado;31/01/2025 16:05:03;44;02_2025;
NTTDATA;NTTDATA N2;2;1200;L a V 8 a 18;2;2025;INC000007559582;31/01/2025 16:31:41;05/02/2025 09:57:21;N2_TIENDA_EVERIS;Baja;Resolved Pend;NO;;Bajo;0;Cerrado;31/01/2025 16:29:06;44;02_2025;
NTTDATA;NTTDATA N2;2;1200;L a V 8 a 18;2;2025;INC000007559698;31/01/2025 19:05:50;03/02/2025 10:11:21;N2_EVERIS_MIMOVISTAR;Baja;Asignado;NO;;Bajo;731;Cerrado;31/01/2025 19:03:21;44;02_2025;
NTTDATA;NTTDATA N2;2;1200;L a V 8 a 18;2;2025;INC000007559698;03/02/2025 10:11:22;03/02/2025 18:13:02;N2_EVERIS_MIMOVISTAR;Baja;Resolved Pend;NO;;Bajo;0;Cerrado;31/01/2025 19:03:21;44;02_2025;
NTTDATA;NTTDATA N2;2;1200;L a V 8 a 18;2;2025;INC000007559880;31/01/2025 22:05:50;03/02/2025 09:01:42;N2_EVERIS_MIMOVISTAR;Baja;Asignado;NO;;Bajo;661;Pendiente;31/01/2025 22:02:31;44;02_2025;
NTTDATA;NTTDATA N2;2;1200;L a V 8 a 18;2;2025;INC000007559880;03/02/2025 09:01:43;28/02/2025 23:59:59;N2_EVERIS_MIMOVISTAR;Baja;Pendiente;NO;;Bajo;0;Pendiente;31/01/2025 22:02:31;44;02_2025;
NTTDATA;NTTDATA N2;2;60;7x24;2;2025;INC000007560298;01/02/2025 09:41:46;01/02/2025 10:31:20;N2_TIENDA_EVERIS;Critica;Resolved;NO;;Alto;50;Cerrado;01/02/2025 09:41:46;44;02_2025;
NTTDATA;NTTDATA N2;2;60;7x24;2;2025;INC000007560502;01/02/2025 12:41:44;01/02/2025 12:44:44;N2_TIENDA_EVERIS;Critica;Asignado;NO;;Alto;3;Cerrado;01/02/2025 12:41:44;44;02_2025;
NTTDATA;NTTDATA N2;2;60;7x24;2;2025;INC000007560502;01/02/2025 12:44:45;01/02/2025 23:00:09;N2_TIENDA_EVERIS;Critica;Resolved Pend;NO;;Alto;0;Cerrado;01/02/2025 12:41:44;44;02_2025;
NTTDATA;NTTDATA N2;2;1200;L a V 8 a 18;2;2025;INC000007560634;01/02/2025 14:20:57;03/02/2025 09:37:01;N2_DEVOPS_PCRM_TEF;Baja;Asignado;NO;;Bajo;697;Cerrado;01/02/2025 14:17:42;44;02_2025;
NTTDATA;NTTDATA N2;2;1200;L a V 8 a 18;2;2025;INC000007560953;01/02/2025 21:20:48;03/02/2025 08:46:04;N2_EVERIS_MIMOVISTAR;Baja;Asignado;NO;;Bajo;646;Pendiente;01/02/2025 21:15:53;44;02_2025;
NTTDATA;NTTDATA N2;2;1200;L a V 8 a 18;2;2025;INC000007560953;03/02/2025 08:46:05;28/02/2025 23:59:59;N2_EVERIS_MIMOVISTAR;Baja;Pendiente;NO;;Bajo;0;Pendiente;01/02/2025 21:15:53;44;02_2025;
NTTDATA;NTTDATA N2;2;60;7x24;2;2025;INC000007560989;01/02/2025 22:31:43;01/02/2025 23:08:14;N2_EVERIS_MIMOVISTAR;Critica;Resolved;NO;;Alto;37;Cerrado;01/02/2025 22:31:43;44;02_2025;
NTTDATA;NTTDATA N2;2;60;7x24;2;2025;INC000007561400;02/02/2025 09:06:44;02/02/2025 09:49:32;N2_TIENDA_EVERIS;Critica;Resolved;NO;;Alto;43;Cerrado;02/02/2025 09:06:44;44;02_2025;
NTTDATA;NTTDATA N2;2;60;7x24;2;2025;INC000007561401;02/02/2025 09:06:49;02/02/2025 09:49:48;N2_TIENDA_EVERIS;Critica;Resolved;NO;;Alto;43;Cerrado;02/02/2025 09:06:49;44;02_2025;
NTTDATA;NTTDATA N2;2;60;7x24;2;2025;INC000007561452;02/02/2025 10:21:44;02/02/2025 11:17:22;N2_TIENDA_EVERIS;Critica;Asignado;NO;;Alto;56;Cerrado;02/02/2025 10:21:44;44;02_2025;
NTTDATA;NTTDATA N2;2;60;7x24;2;2025;INC000007561452;02/02/2025 11:17:23;02/02/2025 22:33:43;N2_TIENDA_EVERIS;Critica;Resolved Pend;NO;;Alto;0;Cerrado;02/02/2025 10:21:44;44;02_2025;
NTTDATA;NTTDATA N2;2;60;7x24;2;2025;INC000007562363;03/02/2025 10:21:46;03/02/2025 10:50:25;N2_EVERIS_MIMOVISTAR;Critica;Asignado;NO;;Alto;29;Cerrado;03/02/2025 10:21:46;44;02_2025;
NTTDATA;NTTDATA N2;2;60;7x24;2;2025;INC000007562363;03/02/2025 10:50:26;03/02/2025 11:45:31;N2_EVERIS_MIMOVISTAR;Critica;Resolved Pend;NO;;Alto;0;Cerrado;03/02/2025 10:21:46;44;02_2025;
NTTDATA;NTTDATA N2;2;1200;L a V 8 a 18;2;2025;INC000007562378;03/02/2025 13:25:23;04/02/2025 14:58:55;N2_EVERIS_MIMOVISTAR;Baja;Asignado;NO;;Bajo;693;Cerrado;03/02/2025 10:35:38;44;02_2025;
NTTDATA;NTTDATA N2;2;1200;L a V 8 a 18;2;2025;INC000007562378;04/02/2025 14:58:56;04/02/2025 15:21:12;N2_EVERIS_MIMOVISTAR;Baja;Pendiente;NO;;Bajo;0;Cerrado;03/02/2025 10:35:38;44;02_2025;
NTTDATA;NTTDAATA N3;3;4800;L a V 8 a 18;2;2025;INC000007562378;04/02/2025 15:21:13;04/02/2025 15:29:29;N3_EVERIS_WEBAPO;Baja;Asignado;NO;;Bajo;8;Cerrado;03/02/2025 10:35:38;44;02_2025;
NTTDATA;NTTDAATA N3;3;4800;L a V 8 a 18;2;2025;INC000007562378;04/02/2025 15:29:30;05/02/2025 11:47:10;N3_EVERIS_WEBAPO;Baja;Resolved Pend;NO;;Bajo;0;Cerrado;03/02/2025 10:35:38;44;02_2025;
NTTDATA;NTTDATA N2;2;1200;L a V 8 a 18;2;2025;INC000007562468;03/02/2025 11:15:42;03/02/2025 11:19:03;N2_TIENDA_EVERIS;Baja;Asignado;NO;;Bajo;4;Cerrado;03/02/2025 11:15:42;44;02_2025;
NTTDATA;NTTDATA N2;2;1200;L a V 8 a 18;2;2025;INC000007562468;03/02/2025 11:19:04;03/02/2025 11:24:55;N2_TIENDA_EVERIS;Baja;Resolved Pend;NO;;Bajo;0;Cerrado;03/02/2025 11:15:42;44;02_2025;
NTTDATA;NTTDATA N2;2;1200;L a V 8 a 18;2;2025;INC000007562536;03/02/2025 12:05:48;03/02/2025 12:12:54;N2_TIENDA_EVERIS;Baja;Asignado;NO;;Bajo;7;Cerrado;03/02/2025 12:05:48;44;02_2025;
NTTDATA;NTTDATA N2;2;1200;L a V 8 a 18;2;2025;INC000007562536;03/02/2025 12:12:55;05/02/2025 11:39:34;N2_TIENDA_EVERIS;Baja;Resolved Pend;NO;;Bajo;0;Cerrado;03/02/2025 12:05:48;44;02_2025;
NTTDATA;NTTDATA N2;2;1200;L a V 8 a 18;2;2025;INC000007562548;03/02/2025 12:06:11;03/02/2025 12:25:41;N2_DEVOPS_PCRM_TEF;Baja;Asignado;NO;;Bajo;19;Cerrado;03/02/2025 12:04:41;44;02_2025;
NTTDATA;NTTDATA N2;2;60;7x24;2;2025;INC000007562591;03/02/2025 12:51:43;03/02/2025 12:54:15;N2_TIENDA_EVERIS;Critica;Asignado;NO;;Alto;3;Cerrado;03/02/2025 12:51:43;44;02_2025;
NTTDATA;NTTDATA N2;2;60;7x24;2;2025;INC000007562591;03/02/2025 12:54:16;03/02/2025 22:34:33;N2_TIENDA_EVERIS;Critica;Resolved Pend;NO;;Alto;0;Cerrado;03/02/2025 12:51:43;44;02_2025;
NTTDATA;NTTDATA N2;2;1200;L a V 8 a 18;2;2025;INC000007562665;03/02/2025 12:29:31;03/02/2025 12:30:31;N2_TIENDA_EVERIS;Baja;Asignado;NO;;Bajo;1;Cerrado;03/02/2025 12:29:31;44;02_2025;
NTTDATA;NTTDATA N2;2;1200;L a V 8 a 18;2;2025;INC000007562665;03/02/2025 12:30:32;03/02/2025 12:42:16;N2_TIENDA_EVERIS;Baja;Resolved Pend;NO;;Bajo;0;Cerrado;03/02/2025 12:29:31;44;02_2025;
NTTDATA;NTTDATA N2;2;1200;L a V 8 a 18;2;2025;INC000007562739;03/02/2025 13:41:23;04/02/2025 14:59:21;N2_EVERIS_MIMOVISTAR;Baja;Asignado;NO;;Bajo;678;Cerrado;03/02/2025 13:39:46;44;02_2025;
NTTDATA;NTTDATA N2;2;1200;L a V 8 a 18;2;2025;INC000007562739;04/02/2025 14:59:22;28/02/2025 23:59:59;N2_EVERIS_MIMOVISTAR;Baja;Pendiente;NO;;Bajo;0;Cerrado;03/02/2025 13:39:46;44;02_2025;
NTTDATA;NTTDATA N2;2;1200;L a V 8 a 18;2;2025;INC000007562911;03/02/2025 16:20:38;03/02/2025 16:23:21;N2_TIENDA_EVERIS;Baja;Asignado;NO;;Bajo;3;Cerrado;03/02/2025 16:20:38;44;02_2025;
NTTDATA;NTTDATA N2;2;1200;L a V 8 a 18;2;2025;INC000007562911;03/02/2025 16:23:22;12/02/2025 17:33:27;N2_TIENDA_EVERIS;Baja;Resolved Pend;NO;;Bajo;0;Cerrado;03/02/2025 16:20:38;44;02_2025;
NTTDATA;NTTDATA N2;2;60;7x24;2;2025;INC000007563332;04/02/2025 09:16:47;04/02/2025 09:17:23;N2_TIENDA_EVERIS;Critica;Asignado;NO;;Alto;1;Cerrado;04/02/2025 09:16:47;44;02_2025;
NTTDATA;NTTDATA N2;2;60;7x24;2;2025;INC000007563332;04/02/2025 09:17:24;04/02/2025 09:22:18;N2_TIENDA_EVERIS;Critica;Resolved Pend;NO;;Alto;0;Cerrado;04/02/2025 09:16:47;44;02_2025;
NTTDATA;NTTDATA N2;2;1200;L a V 8 a 18;2;2025;INC000007563463;04/02/2025 09:42:19;04/02/2025 09:47:04;N2_TIENDA_EVERIS;Baja;Asignado;NO;;Bajo;5;Cerrado;04/02/2025 09:42:19;44;02_2025;
NTTDATA;NTTDATA N2;2;1200;L a V 8 a 18;2;2025;INC000007563463;04/02/2025 09:47:05;04/02/2025 09:51:32;N2_TIENDA_EVERIS;Baja;Resolved Pend;NO;;Bajo;0;Cerrado;04/02/2025 09:42:19;44;02_2025;
NTTDATA;NTTDATA N2;2;1200;L a V 8 a 18;2;2025;INC000007563746;04/02/2025 12:09:17;04/02/2025 12:20:47;N2_TIENDA_EVERIS;Baja;Asignado;NO;;Bajo;11;Cerrado;04/02/2025 12:09:17;44;02_2025;
NTTDATA;NTTDATA N2;2;1200;L a V 8 a 18;2;2025;INC000007563746;04/02/2025 12:20:48;04/02/2025 12:26:17;N2_TIENDA_EVERIS;Baja;Resolved Pend;NO;;Bajo;0;Cerrado;04/02/2025 12:09:17;44;02_2025;
NTTDATA;NTTDATA N2;2;1200;L a V 8 a 18;2;2025;INC000007563847;04/02/2025 12:47:31;04/02/2025 12:55:34;N2_TIENDA_EVERIS;Baja;Asignado;NO;;Bajo;8;Cerrado;04/02/2025 12:47:31;44;02_2025;
NTTDATA;NTTDATA N2;2;1200;L a V 8 a 18;2;2025;INC000007563847;04/02/2025 12:55:35;05/02/2025 11:41:01;N2_TIENDA_EVERIS;Baja;Resolved Pend;NO;;Bajo;0;Cerrado;04/02/2025 12:47:31;44;02_2025;
NTTDATA;NTTDATA N2;2;60;7x24;2;2025;INC000007564419;05/02/2025 03:31:47;05/02/2025 03:46:30;N2_EVERIS_MIMOVISTAR;Critica;Resolved;NO;;Alto;15;Cerrado;05/02/2025 03:31:47;44;02_2025;
NTTDATA;NTTDATA N2;2;1200;L a V 8 a 18;2;2025;INC000007564507;05/02/2025 08:05:51;05/02/2025 09:24:20;N2_TIENDA_EVERIS;Baja;Asignado;NO;;Bajo;79;Cerrado;05/02/2025 08:05:51;44;02_2025;
NTTDATA;NTTDATA N2;2;1200;L a V 8 a 18;2;2025;INC000007564507;05/02/2025 09:24:21;05/02/2025 10:14:33;N2_TIENDA_EVERIS;Baja;Resolved Pend;NO;;Bajo;0;Cerrado;05/02/2025 08:05:51;44;02_2025;
NTTDATA;NTTDATA N2;2;1200;L a V 8 a 18;2;2025;INC000007564880;05/02/2025 14:25:59;05/02/2025 15:34:36;N2_DEVOPS_PCRM_TEF;Baja;Asignado;NO;;Bajo;69;Cerrado;05/02/2025 12:56:38;44;02_2025;
NTTDATA;NTTDATA N2;2;1200;L a V 8 a 18;2;2025;INC000007564973;05/02/2025 13:04:32;05/02/2025 13:10:13;N2_TIENDA_EVERIS;Baja;Asignado;NO;;Bajo;6;Cerrado;05/02/2025 13:04:32;44;02_2025;
NTTDATA;NTTDATA N2;2;1200;L a V 8 a 18;2;2025;INC000007564973;05/02/2025 13:10:14;05/02/2025 13:13:35;N2_TIENDA_EVERIS;Baja;Resolved Pend;NO;;Bajo;0;Cerrado;05/02/2025 13:04:32;44;02_2025;
NTTDATA;NTTDATA N2;2;1200;L a V 8 a 18;2;2025;INC000007565115;05/02/2025 16:00:52;05/02/2025 16:23:14;N2_EVERIS_MIMOVISTAR;Baja;Asignado;NO;;Bajo;23;Cerrado;05/02/2025 15:52:27;44;02_2025;
NTTDATA;NTTDATA N2;2;1200;L a V 8 a 18;2;2025;INC000007565115;05/02/2025 16:23:15;28/02/2025 23:59:59;N2_EVERIS_MIMOVISTAR;Baja;Pendiente;NO;;Bajo;0;Cerrado;05/02/2025 15:52:27;44;02_2025;
NTTDATA;NTTDATA N2;2;1200;L a V 8 a 18;2;2025;INC000007565473;05/02/2025 20:45:49;06/02/2025 10:03:31;N2_EVERIS_MIMOVISTAR;Baja;Asignado;NO;;Bajo;123;Cerrado;05/02/2025 20:42:09;44;02_2025;
NTTDATA;NTTDATA N2;2;1200;L a V 8 a 18;2;2025;INC000007565473;06/02/2025 10:03:32;17/02/2025 15:36:17;N2_EVERIS_MIMOVISTAR;Baja;Resolved Pend;NO;;Bajo;0;Cerrado;05/02/2025 20:42:09;44;02_2025;
NTTDATA;NTTDATA N2;2;60;7x24;2;2025;INC000007566095;06/02/2025 10:06:46;06/02/2025 10:10:09;N2_TIENDA_EVERIS;Critica;Asignado;NO;;Alto;4;Cerrado;06/02/2025 10:06:46;44;02_2025;
NTTDATA;NTTDATA N2;2;60;7x24;2;2025;INC000007566095;06/02/2025 10:10:10;06/02/2025 10:47:07;N2_TIENDA_EVERIS;Critica;Resolved Pend;NO;;Alto;0;Cerrado;06/02/2025 10:06:46;44;02_2025;
NTTDATA;NTTDATA N2;2;1440;L a V 8 a 20;2;2025;INC000007566142;06/02/2025 10:53:15;06/02/2025 11:02:39;N2_EVERIS_MIMOVISTAR;Baja;Asignado;NO;;Critico;9;Pendiente;06/02/2025 10:46:52;44;02_2025;
NTTDATA;NTTDATA N2;2;1440;L a V 8 a 20;2;2025;INC000007566142;06/02/2025 11:02:40;06/02/2025 17:55:15;N2_EVERIS_MIMOVISTAR;Baja;Pendiente;NO;;Critico;0;Pendiente;06/02/2025 10:46:52;44;02_2025;
NTTDATA;NTTDATA N2;2;1200;L a V 8 a 18;2;2025;INC000007566167;06/02/2025 10:55:04;06/02/2025 10:56:47;N2_TIENDA_EVERIS;Baja;Asignado;NO;;Bajo;1;Cerrado;06/02/2025 10:55:04;44;02_2025;
NTTDATA;NTTDATA N2;2;1200;L a V 8 a 18;2;2025;INC000007566167;06/02/2025 10:56:48;06/02/2025 11:01:03;N2_TIENDA_EVERIS;Baja;Resolved Pend;NO;;Bajo;0;Cerrado;06/02/2025 10:55:04;44;02_2025;
NTTDATA;NTTDATA N2;2;60;7x24;2;2025;INC000007566242;06/02/2025 12:26:45;06/02/2025 13:14:13;N2_EVERIS_MIMOVISTAR;Critica;Resolved;NO;;Alto;48;Cerrado;06/02/2025 12:26:45;44;02_2025;
NTTDATA;NTTDATA N2;2;1440;L a V 8 a 20;2;2025;INC000007566295;06/02/2025 11:59:22;06/02/2025 12:28:21;N2_DEVOPS_PCRM_TEF;Baja;Asignado;NO;;Critico;29;Cerrado;06/02/2025 11:19:19;44;02_2025;
NTTDATA;NTTDATA N2;2;1440;L a V 8 a 20;2;2025;INC000007566295;06/02/2025 12:28:22;06/02/2025 18:27:56;N2_DEVOPS_PCRM_TEF;Baja;Resolved Pend;NO;;Critico;0;Cerrado;06/02/2025 11:19:19;44;02_2025;
NTTDATA;NTTDATA N2;2;1200;L a V 8 a 18;2;2025;INC000007566444;06/02/2025 12:31:02;06/02/2025 14:20:07;N2_DEVOPS_PCRM_TEF;Baja;Asignado;NO;;Bajo;109;Cerrado;06/02/2025 12:27:16;44;02_2025;
NTTDATA;NTTDATA N2;2;60;7x24;2;2025;INC000007566491;06/02/2025 13:56:46;06/02/2025 14:00:56;N2_TIENDA_EVERIS;Critica;Asignado;NO;;Alto;4;Cerrado;06/02/2025 13:56:46;44;02_2025;
NTTDATA;NTTDATA N2;2;60;7x24;2;2025;INC000007566491;06/02/2025 14:00:57;06/02/2025 17:31:15;N2_TIENDA_EVERIS;Critica;Resolved Pend;NO;;Alto;0;Cerrado;06/02/2025 13:56:46;44;02_2025;
NTTDATA;NTTDATA N2;2;1200;L a V 8 a 18;2;2025;INC000007566677;06/02/2025 16:10:57;06/02/2025 16:41:59;N2_DEVOPS_PCRM_TEF;Baja;Asignado;NO;;Bajo;31;Cerrado;06/02/2025 16:07:51;44;02_2025;
NTTDATA;NTTDAATA N3;3;600;L a V 8 a 20;2;2025;INC000007566769;06/02/2025 17:14:23;06/02/2025 17:55:57;N3_EVERIS_WEBAPO;Baja;Asignado;NO;;Critico;41;Cerrado;06/02/2025 16:06:11;44;02_2025;
NTTDATA;NTTDAATA N3;3;600;L a V 8 a 20;2;2025;INC000007566769;06/02/2025 17:55:58;14/02/2025 14:45:56;N3_EVERIS_WEBAPO;Baja;Resolved Pend;NO;14-FEB-25;Critico;0;Cerrado;06/02/2025 16:06:11;44;02_2025;
NTTDATA;NTTDAATA N3;3;600;L a V 8 a 20;2;2025;INC000007566769;14/02/2025 15:16:43;18/02/2025 11:35:22;N3_EVERIS_WEBAPO;Baja;Asignado;NO;;Critico;1655;Cerrado;06/02/2025 16:06:11;44;02_2025;
NTTDATA;NTTDAATA N3;3;600;L a V 8 a 20;2;2025;INC000007566769;18/02/2025 11:35:23;18/02/2025 11:50:54;N3_EVERIS_WEBAPO;Baja;Pendiente;NO;;Critico;0;Cerrado;06/02/2025 16:06:11;44;02_2025;
NTTDATA;NTTDAATA N3;3;600;L a V 8 a 20;2;2025;INC000007566769;18/02/2025 15:22:21;18/02/2025 15:33:13;N3_EVERIS_WEBAPO;Baja;Asignado;NO;;Critico;11;Cerrado;06/02/2025 16:06:11;44;02_2025;
NTTDATA;NTTDAATA N3;3;600;L a V 8 a 20;2;2025;INC000007566769;18/02/2025 15:33:14;28/02/2025 23:59:59;N3_EVERIS_WEBAPO;Baja;Pendiente;NO;;Critico;0;Cerrado;06/02/2025 16:06:11;44;02_2025;
NTTDATA;NTTDATA N2;2;60;7x24;2;2025;INC000007566792;06/02/2025 16:31:48;06/02/2025 16:34:07;N2_TIENDA_EVERIS;Critica;Asignado;NO;;Alto;3;Cerrado;06/02/2025 16:31:48;44;02_2025;
NTTDATA;NTTDATA N2;2;60;7x24;2;2025;INC000007566792;06/02/2025 16:34:08;06/02/2025 17:31:26;N2_TIENDA_EVERIS;Critica;Resolved Pend;NO;;Alto;0;Cerrado;06/02/2025 16:31:48;44;02_2025;
NTTDATA;NTTDATA N2;2;1200;L a V 8 a 18;2;2025;INC000007566884;06/02/2025 19:00:52;07/02/2025 09:42:20;N2_DEVOPS_PCRM_TEF;Baja;Asignado;NO;;Bajo;0;Cerrado;06/02/2025 18:59:41;44;02_2025;
NTTDATA;NTTDATA N2;2;60;7x24;2;2025;INC000007567275;07/02/2025 05:26:47;07/02/2025 07:20:12;N2_EVERIS_MIMOVISTAR;Critica;Resolved;NO;;Alto;114;Cerrado;07/02/2025 05:26:47;44;02_2025;
NTTDATA;NTTDATA N2;2;1440;L a V 8 a 20;2;2025;INC000007567482;07/02/2025 10:46:25;07/02/2025 10:58:41;N2_TIENDA_EVERIS;Baja;Asignado;NO;;Critico;0;Cerrado;07/02/2025 10:20:17;44;02_2025;
NTTDATA;NTTDATA N2;2;1440;L a V 8 a 20;2;2025;INC000007567482;07/02/2025 10:58:42;10/02/2025 11:08:16;N2_TIENDA_EVERIS;Baja;Resolved Pend;NO;;Critico;0;Cerrado;07/02/2025 10:20:17;44;02_2025;
NTTDATA;NTTDATA N2;2;1200;L a V 8 a 18;2;2025;INC000007567503;07/02/2025 11:05:57;07/02/2025 11:14:30;N2_DEVOPS_PCRM_TEF;Baja;Asignado;NO;;Bajo;0;Cerrado;07/02/2025 11:05:06;44;02_2025;
NTTDATA;NTTDAATA N3;3;4800;L a V 8 a 18;2;2025;INC000007567702;18/02/2025 09:51:09;18/02/2025 13:55:06;N3_EVERIS_WEBAPO;Baja;Asignado;NO;;Bajo;244;Cerrado;07/02/2025 12:50:36;44;02_2025;
NTTDATA;NTTDAATA N3;3;4800;L a V 8 a 18;2;2025;INC000007567702;18/02/2025 13:55:07;25/02/2025 17:36:33;N3_EVERIS_WEBAPO;Baja;Pendiente;NO;;Bajo;0;Cerrado;07/02/2025 12:50:36;44;02_2025;
NTTDATA;NTTDATA N2;2;1200;L a V 8 a 18;2;2025;INC000007567751;07/02/2025 12:35:02;07/02/2025 12:36:13;N2_TIENDA_EVERIS;Baja;Asignado;NO;;Bajo;0;Cerrado;07/02/2025 12:35:02;44;02_2025;
NTTDATA;NTTDATA N2;2;1200;L a V 8 a 18;2;2025;INC000007567751;07/02/2025 12:36:14;07/02/2025 12:39:14;N2_TIENDA_EVERIS;Baja;Resolved Pend;NO;;Bajo;0;Cerrado;07/02/2025 12:35:02;44;02_2025;
NTTDATA;NTTDATA N2;2;60;7x24;2;2025;INC000007567992;07/02/2025 16:21:46;07/02/2025 16:32:29;N2_EVERIS_MIMOVISTAR;Critica;Asignado;NO;;Alto;11;Cerrado;07/02/2025 16:21:46;44;02_2025;
NTTDATA;NTTDATA N2;2;1440;L a V 8 a 20;2;2025;INC000007568000;07/02/2025 17:19:20;07/02/2025 18:48:59;N2_TIENDA_EVERIS;Baja;Asignado;NO;;Critico;0;Cerrado;07/02/2025 16:37:15;44;02_2025;
NTTDATA;NTTDATA N2;2;1440;L a V 8 a 20;2;2025;INC000007568000;07/02/2025 18:49:00;10/02/2025 17:14:35;N2_TIENDA_EVERIS;Baja;Resolved Pend;NO;;Critico;0;Cerrado;07/02/2025 16:37:15;44;02_2025;
NTTDATA;NTTDATA N2;2;60;7x24;2;2025;INC000007568479;08/02/2025 09:11:44;08/02/2025 10:16:10;N2_TIENDA_EVERIS;Critica;Asignado;NO;;Alto;65;Cerrado;08/02/2025 09:11:44;44;02_2025;
NTTDATA;NTTDATA N2;2;60;7x24;2;2025;INC000007568479;08/02/2025 10:16:11;08/02/2025 10:18:34;N2_TIENDA_EVERIS;Critica;Resolved Pend;NO;;Alto;0;Cerrado;08/02/2025 09:11:44;44;02_2025;
NTTDATA;NTTDATA N2;2;60;7x24;2;2025;INC000007568694;08/02/2025 14:11:45;08/02/2025 14:15:08;N2_TIENDA_EVERIS;Critica;Asignado;NO;;Alto;4;Cerrado;08/02/2025 14:11:45;44;02_2025;
NTTDATA;NTTDATA N2;2;60;7x24;2;2025;INC000007568694;08/02/2025 14:15:09;08/02/2025 14:40:39;N2_TIENDA_EVERIS;Critica;Resolved Pend;NO;;Alto;0;Cerrado;08/02/2025 14:11:45;44;02_2025;
NTTDATA;NTTDATA N2;2;60;7x24;2;2025;INC000007568966;08/02/2025 20:11:46;08/02/2025 20:49:43;N2_TIENDA_EVERIS;Critica;Resolved;NO;;Alto;38;Cerrado;08/02/2025 20:11:46;44;02_2025;
NTTDATA;NTTDATA N2;2;1200;L a V 8 a 18;2;2025;INC000007569432;09/02/2025 09:21:18;10/02/2025 09:48:27;N2_EVERIS_MIMOVISTAR;Baja;Asignado;NO;;Bajo;627;Cerrado;09/02/2025 09:17:09;44;02_2025;
NTTDATA;NTTDATA N2;2;1200;L a V 8 a 18;2;2025;INC000007569432;10/02/2025 09:48:28;28/02/2025 23:59:59;N2_EVERIS_MIMOVISTAR;Baja;Pendiente;NO;;Bajo;0;Cerrado;09/02/2025 09:17:09;44;02_2025;
NTTDATA;NTTDATA N2;2;60;7x24;2;2025;INC000007569447;09/02/2025 09:26:47;09/02/2025 09:35:30;N2_TIENDA_EVERIS;Critica;Asignado;NO;;Alto;9;Cerrado;09/02/2025 09:26:47;44;02_2025;
NTTDATA;NTTDATA N2;2;60;7x24;2;2025;INC000007569447;09/02/2025 09:35:31;09/02/2025 12:32:23;N2_TIENDA_EVERIS;Critica;Resolved Pend;NO;;Alto;0;Cerrado;09/02/2025 09:26:47;44;02_2025;
NTTDATA;NTTDATA N2;2;60;7x24;2;2025;INC000007569453;09/02/2025 09:41:47;09/02/2025 09:44:46;N2_TIENDA_EVERIS;Critica;Asignado;NO;;Alto;3;Cerrado;09/02/2025 09:41:47;44;02_2025;
NTTDATA;NTTDATA N2;2;60;7x24;2;2025;INC000007569453;09/02/2025 09:44:47;09/02/2025 12:32:40;N2_TIENDA_EVERIS;Critica;Resolved Pend;NO;;Alto;0;Cerrado;09/02/2025 09:41:47;44;02_2025;
NTTDATA;NTTDATA N2;2;60;7x24;2;2025;INC000007569702;09/02/2025 18:31:47;09/02/2025 18:46:20;N2_TIENDA_EVERIS;Critica;Asignado;NO;;Alto;15;Cerrado;09/02/2025 18:31:47;44;02_2025;
NTTDATA;NTTDATA N2;2;60;7x24;2;2025;INC000007569702;09/02/2025 18:46:21;09/02/2025 22:44:28;N2_TIENDA_EVERIS;Critica;Resolved Pend;NO;;Alto;0;Cerrado;09/02/2025 18:31:47;44;02_2025;
NTTDATA;NTTDATA N2;2;1200;L a V 8 a 18;2;2025;INC000007569907;10/02/2025 00:41:47;10/02/2025 09:49:55;N2_EVERIS_MIMOVISTAR;Baja;Asignado;NO;;Bajo;109;Cerrado;10/02/2025 00:36:52;44;02_2025;
NTTDATA;NTTDATA N2;2;1200;L a V 8 a 18;2;2025;INC000007569907;10/02/2025 09:49:56;21/02/2025 14:08:57;N2_EVERIS_MIMOVISTAR;Baja;Resolved Pend;NO;;Bajo;0;Cerrado;10/02/2025 00:36:52;44;02_2025;
NTTDATA;NTTDATA N2;2;1200;L a V 8 a 18;2;2025;INC000007570217;10/02/2025 11:03:39;10/02/2025 11:18:54;N2_TIENDA_EVERIS;Baja;Asignado;NO;;Bajo;15;Cerrado;10/02/2025 11:03:39;44;02_2025;
NTTDATA;NTTDATA N2;2;1200;L a V 8 a 18;2;2025;INC000007570217;10/02/2025 11:18:55;10/02/2025 14:57:54;N2_TIENDA_EVERIS;Baja;Resolved Pend;NO;;Bajo;0;Cerrado;10/02/2025 11:03:39;44;02_2025;
NTTDATA;NTTDATA N2;2;60;7x24;2;2025;INC000007570271;10/02/2025 10:06:46;10/02/2025 10:08:36;N2_TIENDA_EVERIS;Critica;Asignado;NO;;Alto;2;Cerrado;10/02/2025 10:06:46;44;02_2025;
NTTDATA;NTTDATA N2;2;60;7x24;2;2025;INC000007570271;10/02/2025 10:08:37;10/02/2025 11:06:37;N2_TIENDA_EVERIS;Critica;Resolved Pend;NO;;Alto;0;Cerrado;10/02/2025 10:06:46;44;02_2025;
NTTDATA;NTTDATA N2;2;1200;L a V 8 a 18;2;2025;INC000007570403;10/02/2025 12:18:21;10/02/2025 12:47:30;N2_DEVOPS_PCRM_TEF;Baja;Resolved;NO;;Bajo;29;Cerrado;10/02/2025 12:07:27;44;02_2025;
NTTDATA;NTTDATA N2;2;1200;L a V 8 a 18;2;2025;INC000007570457;10/02/2025 12:05:17;10/02/2025 12:16:29;N2_TIENDA_EVERIS;Baja;Asignado;NO;;Bajo;11;Cerrado;10/02/2025 12:05:17;44;02_2025;
NTTDATA;NTTDATA N2;2;1200;L a V 8 a 18;2;2025;INC000007570457;10/02/2025 12:16:30;10/02/2025 12:20:29;N2_TIENDA_EVERIS;Baja;Resolved Pend;NO;;Bajo;0;Cerrado;10/02/2025 12:05:17;44;02_2025;
NTTDATA;NTTDATA N2;2;1200;L a V 8 a 18;2;2025;INC000007570663;10/02/2025 14:56:32;10/02/2025 14:58:11;N2_TIENDA_EVERIS;Baja;Asignado;NO;;Bajo;2;Cerrado;10/02/2025 14:56:32;44;02_2025;
NTTDATA;NTTDATA N2;2;1200;L a V 8 a 18;2;2025;INC000007570663;10/02/2025 14:58:12;10/02/2025 15:40:05;N2_TIENDA_EVERIS;Baja;Resolved Pend;NO;;Bajo;0;Cerrado;10/02/2025 14:56:32;44;02_2025;
NTTDATA;NTTDATA N2;2;1200;L a V 8 a 18;2;2025;INC000007570889;10/02/2025 17:45:47;11/02/2025 09:12:16;N2_EVERIS_MIMOVISTAR;Baja;Asignado;NO;;Bajo;87;Cerrado;10/02/2025 17:40:36;44;02_2025;
NTTDATA;NTTDATA N2;2;1200;L a V 8 a 18;2;2025;INC000007570889;11/02/2025 09:12:17;17/02/2025 15:37:18;N2_EVERIS_MIMOVISTAR;Baja;Resolved Pend;NO;;Bajo;0;Cerrado;10/02/2025 17:40:36;44;02_2025;
NTTDATA;NTTDATA N2;2;1440;L a V 8 a 20;2;2025;INC000007570973;10/02/2025 19:43:35;10/02/2025 20:46:03;N2_TIENDA_EVERIS;Baja;Resolved;NO;;Critico;17;Cerrado;10/02/2025 19:18:08;44;02_2025;
NTTDATA;NTTDATA N2;2;1200;L a V 8 a 18;2;2025;INC000007570997;10/02/2025 23:16:49;11/02/2025 09:13:20;N2_EVERIS_MIMOVISTAR;Baja;Asignado;NO;;Bajo;73;Cerrado;10/02/2025 23:11:22;44;02_2025;
NTTDATA;NTTDATA N2;2;1200;L a V 8 a 18;2;2025;INC000007570997;11/02/2025 09:13:21;17/02/2025 15:37:58;N2_EVERIS_MIMOVISTAR;Baja;Resolved Pend;NO;;Bajo;0;Cerrado;10/02/2025 23:11:22;44;02_2025;
NTTDATA;NTTDATA N2;2;1200;L a V 8 a 18;2;2025;INC000007571486;11/02/2025 11:15:34;11/02/2025 11:34:56;N2_TIENDA_EVERIS;Baja;Asignado;NO;;Bajo;19;Cerrado;11/02/2025 11:15:34;44;02_2025;
NTTDATA;NTTDATA N2;2;1200;L a V 8 a 18;2;2025;INC000007571486;11/02/2025 11:34:57;11/02/2025 12:04:32;N2_TIENDA_EVERIS;Baja;Resolved Pend;NO;;Bajo;0;Cerrado;11/02/2025 11:15:34;44;02_2025;
NTTDATA;NTTDATA N2;2;1200;L a V 8 a 18;2;2025;INC000007571497;11/02/2025 12:30:16;11/02/2025 14:38:09;N2_DEVOPS_PCRM_TEF;Baja;Resolved;NO;;Bajo;128;Cerrado;11/02/2025 11:45:55;44;02_2025;
NTTDATA;NTTDATA N2;2;1200;L a V 8 a 18;2;2025;INC000007571523;11/02/2025 12:17:24;11/02/2025 12:18:32;N2_TIENDA_EVERIS;Baja;Asignado;NO;;Bajo;1;Cerrado;11/02/2025 12:17:24;44;02_2025;
NTTDATA;NTTDATA N2;2;1200;L a V 8 a 18;2;2025;INC000007571523;11/02/2025 12:18:33;11/02/2025 12:23:48;N2_TIENDA_EVERIS;Baja;Resolved Pend;NO;;Bajo;0;Cerrado;11/02/2025 12:17:24;44;02_2025;
NTTDATA;NTTDATA N2;2;1200;L a V 8 a 18;2;2025;INC000007571602;11/02/2025 12:17:34;11/02/2025 12:24:50;N2_TIENDA_EVERIS;Baja;Resolved;NO;;Bajo;7;Cerrado;11/02/2025 12:17:34;44;02_2025;
NTTDATA;NTTDAATA N3;3;4800;L a V 8 a 18;2;2025;INC000007571615;18/02/2025 11:43:09;18/02/2025 12:21:45;N3_EVERIS_WEBAPO;Baja;Asignado;NO;;Bajo;38;Cerrado;11/02/2025 12:39:51;44;02_2025;
NTTDATA;NTTDAATA N3;3;4800;L a V 8 a 18;2;2025;INC000007571615;18/02/2025 12:21:46;28/02/2025 23:59:59;N3_EVERIS_WEBAPO;Baja;Pendiente;NO;;Bajo;0;Cerrado;11/02/2025 12:39:51;44;02_2025;
NTTDATA;NTTDATA N2;2;1200;L a V 8 a 18;2;2025;INC000007572017;11/02/2025 18:09:17;11/02/2025 18:42:25;N2_TIENDA_EVERIS;Baja;Asignado;NO;;Bajo;0;Cerrado;11/02/2025 18:09:17;44;02_2025;
NTTDATA;NTTDATA N2;2;1200;L a V 8 a 18;2;2025;INC000007572017;11/02/2025 18:42:26;12/02/2025 14:41:27;N2_TIENDA_EVERIS;Baja;Resolved Pend;NO;;Bajo;0;Cerrado;11/02/2025 18:09:17;44;02_2025;
NTTDATA;NTTDATA N2;2;1200;L a V 8 a 18;2;2025;INC000007572556;12/02/2025 09:59:04;12/02/2025 10:01:22;N2_TIENDA_EVERIS;Baja;Asignado;NO;;Bajo;2;Cerrado;12/02/2025 09:59:04;44;02_2025;
NTTDATA;NTTDATA N2;2;1200;L a V 8 a 18;2;2025;INC000007572556;12/02/2025 10:01:23;12/02/2025 10:04:09;N2_TIENDA_EVERIS;Baja;Resolved Pend;NO;;Bajo;0;Cerrado;12/02/2025 09:59:04;44;02_2025;
NTTDATA;NTTDATA N2;2;1440;L a V 8 a 20;2;2025;INC000007572687;12/02/2025 11:45:06;12/02/2025 11:47:19;N2_EVERIS_MIMOVISTAR;Baja;Asignado;NO;;Critico;2;Cerrado;12/02/2025 11:23:17;44;02_2025;
NTTDATA;NTTDATA N2;2;1440;L a V 8 a 20;2;2025;INC000007572687;12/02/2025 11:47:20;13/02/2025 11:44:08;N2_EVERIS_MIMOVISTAR;Baja;Resolved Pend;NO;;Critico;0;Cerrado;12/02/2025 11:23:17;44;02_2025;
NTTDATA;NTTDATA N2;2;1200;L a V 8 a 18;2;2025;INC000007573223;12/02/2025 16:46:37;12/02/2025 18:04:11;N2_DEVOPS_PCRM_TEF;Baja;Asignado;NO;;Bajo;74;Cerrado;12/02/2025 16:09:06;44;02_2025;
NTTDATA;NTTDATA N2;2;1200;L a V 8 a 18;2;2025;INC000007573223;12/02/2025 18:04:12;17/02/2025 10:04:11;N2_DEVOPS_PCRM_TEF;Baja;Resolved Pend;NO;;Bajo;0;Cerrado;12/02/2025 16:09:06;44;02_2025;
NTTDATA;NTTDAATA N3;3;4800;L a V 8 a 18;2;2025;INC000007573473;25/02/2025 08:58:21;25/02/2025 10:03:11;N3_EVERIS_WEBAPO;Baja;Asignado;NO;;Bajo;65;Cerrado;12/02/2025 18:08:37;44;02_2025;
NTTDATA;NTTDAATA N3;3;4800;L a V 8 a 18;2;2025;INC000007573473;25/02/2025 10:03:12;28/02/2025 23:59:59;N3_EVERIS_WEBAPO;Baja;Pendiente;NO;;Bajo;0;Cerrado;12/02/2025 18:08:37;44;02_2025;
NTTDATA;NTTDATA N2;2;60;7x24;2;2025;INC000007573822;13/02/2025 05:41:46;13/02/2025 06:16:48;N2_EVERIS_MIMOVISTAR;Critica;Resolved;NO;;Alto;35;Cerrado;13/02/2025 05:41:46;44;02_2025;
NTTDATA;NTTDATA N2;2;1200;L a V 8 a 18;2;2025;INC000007573842;13/02/2025 08:06:26;13/02/2025 09:40:12;N2_DEVOPS_PCRM_TEF;Baja;Asignado;NO;;Bajo;94;Cerrado;13/02/2025 08:04:39;44;02_2025;
NTTDATA;NTTDATA N2;2;1200;L a V 8 a 18;2;2025;INC000007573910;13/02/2025 09:36:47;13/02/2025 09:38:03;N2_TIENDA_EVERIS;Baja;Asignado;NO;;Bajo;2;Cerrado;13/02/2025 09:36:47;44;02_2025;
NTTDATA;NTTDATA N2;2;1200;L a V 8 a 18;2;2025;INC000007573910;13/02/2025 09:38:04;18/02/2025 11:56:21;N2_TIENDA_EVERIS;Baja;Resolved Pend;NO;;Bajo;0;Cerrado;13/02/2025 09:36:47;44;02_2025;
NTTDATA;NTTDATA N2;2;1200;L a V 8 a 18;2;2025;INC000007573925;13/02/2025 09:46:43;13/02/2025 09:47:56;N2_TIENDA_EVERIS;Baja;Asignado;NO;;Bajo;1;Cerrado;13/02/2025 09:46:43;44;02_2025;
NTTDATA;NTTDATA N2;2;1200;L a V 8 a 18;2;2025;INC000007573925;13/02/2025 09:47:57;13/02/2025 09:58:38;N2_TIENDA_EVERIS;Baja;Resolved Pend;NO;;Bajo;0;Cerrado;13/02/2025 09:46:43;44;02_2025;
NTTDATA;NTTDATA N2;2;1200;L a V 8 a 18;2;2025;INC000007574108;13/02/2025 11:22:06;13/02/2025 14:28:07;N2_EVERIS_MIMOVISTAR;Baja;Asignado;NO;;Bajo;186;Cerrado;13/02/2025 11:16:27;44;02_2025;
NTTDATA;NTTDATA N2;2;1200;L a V 8 a 18;2;2025;INC000007574108;13/02/2025 14:28:08;28/02/2025 23:59:59;N2_EVERIS_MIMOVISTAR;Baja;Pendiente;NO;;Bajo;0;Cerrado;13/02/2025 11:16:27;44;02_2025;
NTTDATA;NTTDATA N2;2;1200;L a V 8 a 18;2;2025;INC000007574155;13/02/2025 16:42:48;14/02/2025 13:08:56;N2_EVERIS_MIMOVISTAR;Baja;Asignado;NO;;Bajo;78;Cerrado;13/02/2025 11:08:39;44;02_2025;
NTTDATA;NTTDATA N2;2;1200;L a V 8 a 18;2;2025;INC000007574155;14/02/2025 13:08:57;19/02/2025 18:45:37;N2_EVERIS_MIMOVISTAR;Baja;Resolved Pend;NO;;Bajo;0;Cerrado;13/02/2025 11:08:39;44;02_2025;
NTTDATA;NTTDATA N2;2;1200;L a V 8 a 18;2;2025;INC000007574321;13/02/2025 12:59:56;13/02/2025 13:06:27;N2_TIENDA_EVERIS;Baja;Asignado;NO;;Bajo;7;Cerrado;13/02/2025 12:59:56;44;02_2025;
NTTDATA;NTTDATA N2;2;1200;L a V 8 a 18;2;2025;INC000007574321;13/02/2025 13:06:28;13/02/2025 13:09:01;N2_TIENDA_EVERIS;Baja;Resolved Pend;NO;;Bajo;0;Cerrado;13/02/2025 12:59:56;44;02_2025;
NTTDATA;NTTDATA N2;2;60;7x24;2;2025;INC000007574455;13/02/2025 13:56:46;13/02/2025 14:20:32;N2_EVERIS_MIMOVISTAR;Critica;Resolved;NO;;Alto;24;Cerrado;13/02/2025 13:56:46;44;02_2025;
NTTDATA;NTTDATA N2;2;60;7x24;2;2025;INC000007574492;13/02/2025 14:36:47;13/02/2025 14:40:41;N2_TIENDA_EVERIS;Critica;Asignado;NO;;Alto;4;Cerrado;13/02/2025 14:36:47;44;02_2025;
NTTDATA;NTTDATA N2;2;60;7x24;2;2025;INC000007574492;13/02/2025 14:40:42;13/02/2025 15:00:48;N2_TIENDA_EVERIS;Critica;Resolved Pend;NO;;Alto;0;Cerrado;13/02/2025 14:36:47;44;02_2025;
NTTDATA;NTTDAATA N3;3;4800;L a V 8 a 18;2;2025;INC000007574571;14/02/2025 08:40:13;14/02/2025 10:19:43;N3_EVERIS_WEBAPO;Baja;Asignado;NO;;Bajo;0;Cerrado;13/02/2025 15:40:46;44;02_2025;
NTTDATA;NTTDAATA N3;3;4800;L a V 8 a 18;2;2025;INC000007574571;14/02/2025 10:19:44;28/02/2025 23:59:59;N3_EVERIS_WEBAPO;Baja;Pendiente;NO;;Bajo;0;Cerrado;13/02/2025 15:40:46;44;02_2025;
NTTDATA;NTTDATA N2;2;1200;L a V 8 a 18;2;2025;INC000007574634;13/02/2025 17:31:44;14/02/2025 13:09:14;N2_EVERIS_MIMOVISTAR;Baja;Asignado;NO;;Bajo;29;Cerrado;13/02/2025 17:01:21;44;02_2025;
NTTDATA;NTTDATA N2;2;1200;L a V 8 a 18;2;2025;INC000007574634;14/02/2025 13:09:15;19/02/2025 17:40:11;N2_EVERIS_MIMOVISTAR;Baja;Resolved Pend;NO;;Bajo;0;Cerrado;13/02/2025 17:01:21;44;02_2025;
NTTDATA;NTTDATA N2;2;60;7x24;2;2025;INC000007574843;14/02/2025 00:11:46;14/02/2025 00:46:21;N2_EVERIS_MIMOVISTAR;Critica;Resolved;NO;;Alto;35;Cerrado;14/02/2025 00:11:46;44;02_2025;
NTTDATA;NTTDATA N2;2;1200;L a V 8 a 18;2;2025;INC000007575112;14/02/2025 09:40:02;14/02/2025 09:40:26;N2_TIENDA_EVERIS;Baja;Asignado;NO;;Bajo;0;Cerrado;14/02/2025 09:40:02;44;02_2025;
NTTDATA;NTTDATA N2;2;1200;L a V 8 a 18;2;2025;INC000007575112;14/02/2025 09:40:27;14/02/2025 09:44:31;N2_TIENDA_EVERIS;Baja;Resolved Pend;NO;;Bajo;0;Cerrado;14/02/2025 09:40:02;44;02_2025;
NTTDATA;NTTDATA N2;2;1200;L a V 8 a 18;2;2025;INC000007575119;14/02/2025 09:46:56;14/02/2025 09:52:52;N2_TIENDA_EVERIS;Baja;Asignado;NO;;Bajo;0;Cerrado;14/02/2025 09:46:56;44;02_2025;
NTTDATA;NTTDATA N2;2;1200;L a V 8 a 18;2;2025;INC000007575119;14/02/2025 09:52:53;18/02/2025 11:55:50;N2_TIENDA_EVERIS;Baja;Resolved Pend;NO;;Bajo;0;Cerrado;14/02/2025 09:46:56;44;02_2025;
NTTDATA;NTTDATA N2;2;1200;L a V 8 a 18;2;2025;INC000007575134;14/02/2025 09:59:12;14/02/2025 10:19:50;N2_TIENDA_EVERIS;Baja;Asignado;NO;;Bajo;0;Cerrado;14/02/2025 09:59:12;44;02_2025;
NTTDATA;NTTDATA N2;2;1200;L a V 8 a 18;2;2025;INC000007575134;14/02/2025 10:19:51;17/02/2025 15:04:45;N2_TIENDA_EVERIS;Baja;Resolved Pend;NO;;Bajo;0;Cerrado;14/02/2025 09:59:12;44;02_2025;
NTTDATA;NTTDATA N2;2;60;7x24;2;2025;INC000007575200;14/02/2025 10:41:46;14/02/2025 11:07:26;N2_EVERIS_MIMOVISTAR;Critica;Resolved;NO;;Alto;26;Cerrado;14/02/2025 10:41:46;44;02_2025;
NTTDATA;NTTDATA N2;2;1200;L a V 8 a 18;2;2025;INC000007575244;14/02/2025 10:13:46;14/02/2025 10:19:38;N2_TIENDA_EVERIS;Baja;Asignado;NO;;Bajo;0;Cerrado;14/02/2025 10:13:46;44;02_2025;
NTTDATA;NTTDATA N2;2;1200;L a V 8 a 18;2;2025;INC000007575244;14/02/2025 10:19:39;14/02/2025 10:50:50;N2_TIENDA_EVERIS;Baja;Resolved Pend;NO;;Bajo;0;Cerrado;14/02/2025 10:13:46;44;02_2025;
NTTDATA;NTTDATA N2;2;60;7x24;2;2025;INC000007575470;14/02/2025 13:11:49;14/02/2025 13:40:33;N2_EVERIS_MIMOVISTAR;Critica;Resolved;NO;;Alto;29;Cerrado;14/02/2025 13:11:49;44;02_2025;
NTTDATA;NTTDATA N2;2;1200;L a V 8 a 18;2;2025;INC000007575472;14/02/2025 13:30:49;14/02/2025 16:10:04;N2_EVERIS_MIMOVISTAR;Baja;Asignado;NO;;Bajo;0;Cerrado;14/02/2025 13:28:09;44;02_2025;
NTTDATA;NTTDATA N2;2;1200;L a V 8 a 18;2;2025;INC000007575472;14/02/2025 16:10:05;28/02/2025 23:59:59;N2_EVERIS_MIMOVISTAR;Baja;Pendiente;NO;;Bajo;0;Cerrado;14/02/2025 13:28:09;44;02_2025;
NTTDATA;NTTDATA N2;2;60;7x24;2;2025;INC000007575661;14/02/2025 15:51:45;14/02/2025 15:56:56;N2_EVERIS_MIMOVISTAR;Critica;Resolved;NO;;Alto;5;Cerrado;14/02/2025 15:51:45;44;02_2025;
NTTDATA;NTTDATA N2;2;60;7x24;2;2025;INC000007576131;15/02/2025 09:11:46;15/02/2025 09:21:16;N2_TIENDA_EVERIS;Critica;Asignado;NO;;Alto;10;Cerrado;15/02/2025 09:11:46;44;02_2025;
NTTDATA;NTTDATA N2;2;60;7x24;2;2025;INC000007576131;15/02/2025 09:21:17;15/02/2025 11:50:50;N2_TIENDA_EVERIS;Critica;Resolved Pend;NO;;Alto;0;Cerrado;15/02/2025 09:11:46;44;02_2025;
NTTDATA;NTTDATA N2;2;60;7x24;2;2025;INC000007576524;16/02/2025 04:21:44;16/02/2025 05:10:18;N2_EVERIS_MIMOVISTAR;Critica;Resolved;NO;;Alto;49;Cerrado;16/02/2025 04:21:44;44;02_2025;
NTTDATA;NTTDATA N2;2;60;7x24;2;2025;INC000007576541;16/02/2025 07:21:44;16/02/2025 08:10:29;N2_EVERIS_MIMOVISTAR;Critica;Resolved;NO;;Alto;49;Cerrado;16/02/2025 07:21:44;44;02_2025;
NTTDATA;NTTDATA N2;2;60;7x24;2;2025;INC000007576548;15/02/2025 19:41:46;15/02/2025 19:45:12;N2_TIENDA_EVERIS;Critica;Asignado;NO;;Alto;4;Cerrado;15/02/2025 19:41:46;44;02_2025;
NTTDATA;NTTDATA N2;2;60;7x24;2;2025;INC000007576548;15/02/2025 19:45:13;15/02/2025 23:02:10;N2_TIENDA_EVERIS;Critica;Resolved Pend;NO;;Alto;0;Cerrado;15/02/2025 19:41:46;44;02_2025;
NTTDATA;NTTDATA N2;2;60;7x24;2;2025;INC000007576674;16/02/2025 13:21:46;16/02/2025 13:25:06;N2_TIENDA_EVERIS;Critica;Asignado;NO;;Alto;4;Cerrado;16/02/2025 13:21:46;44;02_2025;
NTTDATA;NTTDATA N2;2;60;7x24;2;2025;INC000007576674;16/02/2025 13:25:07;17/02/2025 00:10:46;N2_TIENDA_EVERIS;Critica;Resolved Pend;NO;;Alto;0;Cerrado;16/02/2025 13:21:46;44;02_2025;
NTTDATA;NTTDATA N2;2;1200;L a V 8 a 18;2;2025;INC000007576703;17/02/2025 00:34:02;17/02/2025 09:37:10;N2_TIENDA_EVERIS;Baja;Asignado;NO;;Bajo;97;Cerrado;17/02/2025 00:34:02;44;02_2025;
NTTDATA;NTTDATA N2;2;1200;L a V 8 a 18;2;2025;INC000007576703;17/02/2025 09:37:11;17/02/2025 10:49:27;N2_TIENDA_EVERIS;Baja;Resolved Pend;NO;;Bajo;0;Cerrado;17/02/2025 00:34:02;44;02_2025;
NTTDATA;NTTDATA N2;2;60;7x24;2;2025;INC000007576752;16/02/2025 09:41:48;16/02/2025 09:53:52;N2_TIENDA_EVERIS;Critica;Asignado;NO;;Alto;12;Cerrado;16/02/2025 09:41:48;44;02_2025;
NTTDATA;NTTDATA N2;2;60;7x24;2;2025;INC000007576752;16/02/2025 09:53:53;16/02/2025 12:52:43;N2_TIENDA_EVERIS;Critica;Resolved Pend;NO;;Alto;0;Cerrado;16/02/2025 09:41:48;44;02_2025;
NTTDATA;NTTDATA N2;2;1200;L a V 8 a 18;2;2025;INC000007576968;17/02/2025 08:36:37;17/02/2025 09:26:25;N2_TIENDA_EVERIS;Baja;Asignado;NO;;Bajo;50;Cerrado;17/02/2025 08:36:37;44;02_2025;
NTTDATA;NTTDATA N2;2;1200;L a V 8 a 18;2;2025;INC000007576968;17/02/2025 09:26:26;20/02/2025 09:33:41;N2_TIENDA_EVERIS;Baja;Resolved Pend;NO;;Bajo;0;Cerrado;17/02/2025 08:36:37;44;02_2025;
NTTDATA;NTTDATA N2;2;1200;L a V 8 a 18;2;2025;INC000007577267;17/02/2025 12:18:43;17/02/2025 12:22:35;N2_TIENDA_EVERIS;Baja;Asignado;NO;;Bajo;4;Cerrado;17/02/2025 12:18:43;44;02_2025;
NTTDATA;NTTDATA N2;2;1200;L a V 8 a 18;2;2025;INC000007577267;17/02/2025 12:22:36;17/02/2025 12:25:53;N2_TIENDA_EVERIS;Baja;Resolved Pend;NO;;Bajo;0;Cerrado;17/02/2025 12:18:43;44;02_2025;
NTTDATA;NTTDATA N2;2;1200;L a V 8 a 18;2;2025;INC000007577271;17/02/2025 12:25:45;17/02/2025 17:51:24;N2_EVERIS_MIMOVISTAR;Baja;Asignado;NO;;Bajo;326;Cerrado;17/02/2025 12:21:48;44;02_2025;
NTTDATA;NTTDATA N2;2;1200;L a V 8 a 18;2;2025;INC000007577271;17/02/2025 17:51:25;28/02/2025 23:59:59;N2_EVERIS_MIMOVISTAR;Baja;Pendiente;NO;;Bajo;0;Cerrado;17/02/2025 12:21:48;44;02_2025;
NTTDATA;NTTDATA N2;2;1200;L a V 8 a 18;2;2025;INC000007577403;17/02/2025 13:02:24;17/02/2025 13:03:26;N2_TIENDA_EVERIS;Baja;Asignado;NO;;Bajo;1;Cerrado;17/02/2025 13:02:24;44;02_2025;
NTTDATA;NTTDATA N2;2;1200;L a V 8 a 18;2;2025;INC000007577403;17/02/2025 13:03:27;17/02/2025 14:51:24;N2_TIENDA_EVERIS;Baja;Resolved Pend;NO;;Bajo;0;Cerrado;17/02/2025 13:02:24;44;02_2025;
NTTDATA;NTTDATA N2;2;1440;L a V 8 a 20;2;2025;INC000007577479;17/02/2025 14:47:53;17/02/2025 15:03:32;N2_TIENDA_EVERIS;Baja;Asignado;NO;;Critico;16;Cerrado;17/02/2025 14:18:02;44;02_2025;
NTTDATA;NTTDATA N2;2;1440;L a V 8 a 20;2;2025;INC000007577479;17/02/2025 15:03:33;17/02/2025 18:06:21;N2_TIENDA_EVERIS;Baja;Resolved Pend;NO;;Critico;0;Cerrado;17/02/2025 14:18:02;44;02_2025;
NTTDATA;NTTDATA N2;2;1440;L a V 8 a 20;2;2025;INC000007577537;17/02/2025 15:49:38;17/02/2025 15:51:19;N2_TIENDA_EVERIS;Baja;Asignado;NO;;Critico;2;Cerrado;17/02/2025 15:31:30;44;02_2025;
NTTDATA;NTTDATA N2;2;1440;L a V 8 a 20;2;2025;INC000007577537;17/02/2025 15:51:20;17/02/2025 17:48:40;N2_TIENDA_EVERIS;Baja;Resolved Pend;NO;;Critico;0;Cerrado;17/02/2025 15:31:30;44;02_2025;
NTTDATA;NTTDATA N2;2;1200;L a V 8 a 18;2;2025;INC000007577701;17/02/2025 17:23:08;18/02/2025 09:39:57;N2_DEVOPS_PCRM_TEF;Baja;Asignado;NO;;Bajo;136;Cerrado;17/02/2025 16:58:37;44;02_2025;
NTTDATA;NTTDATA N2;2;1200;L a V 8 a 18;2;2025;INC000007577830;17/02/2025 19:45:52;18/02/2025 09:45:41;N2_DEVOPS_PCRM_TEF;Baja;Asignado;NO;;Bajo;105;Cerrado;17/02/2025 19:45:19;44;02_2025;
NTTDATA;NTTDATA N2;2;60;7x24;2;2025;INC000007578060;18/02/2025 06:26:44;18/02/2025 06:57:25;N2_EVERIS_MIMOVISTAR;Critica;Resolved;NO;;Alto;31;Cerrado;18/02/2025 06:26:44;44;02_2025;
NTTDATA;NTTDATA N2;2;1200;L a V 8 a 18;2;2025;INC000007578297;18/02/2025 11:03:54;18/02/2025 11:06:22;N2_TIENDA_EVERIS;Baja;Asignado;NO;;Bajo;3;Cerrado;18/02/2025 11:03:54;44;02_2025;
NTTDATA;NTTDATA N2;2;1200;L a V 8 a 18;2;2025;INC000007578297;18/02/2025 11:06:23;18/02/2025 11:21:27;N2_TIENDA_EVERIS;Baja;Resolved Pend;NO;;Bajo;0;Cerrado;18/02/2025 11:03:54;44;02_2025;
NTTDATA;NTTDATA N2;2;1200;L a V 8 a 18;2;2025;INC000007578308;18/02/2025 11:14:03;18/02/2025 11:19:18;N2_TIENDA_EVERIS;Baja;Asignado;NO;;Bajo;5;Cerrado;18/02/2025 11:14:03;44;02_2025;
NTTDATA;NTTDATA N2;2;1200;L a V 8 a 18;2;2025;INC000007578308;18/02/2025 11:19:19;18/02/2025 11:48:04;N2_TIENDA_EVERIS;Baja;Resolved Pend;NO;;Bajo;0;Cerrado;18/02/2025 11:14:03;44;02_2025;
NTTDATA;NTTDATA N2;2;1200;L a V 8 a 18;2;2025;INC000007578343;18/02/2025 11:41:20;18/02/2025 11:45:41;N2_TIENDA_EVERIS;Baja;Asignado;NO;;Bajo;4;Cerrado;18/02/2025 11:41:20;44;02_2025;
NTTDATA;NTTDATA N2;2;1200;L a V 8 a 18;2;2025;INC000007578343;18/02/2025 11:45:42;21/02/2025 10:23:27;N2_TIENDA_EVERIS;Baja;Resolved Pend;NO;;Bajo;0;Cerrado;18/02/2025 11:41:20;44;02_2025;
NTTDATA;NTTDATA N2;2;60;7x24;2;2025;INC000007578366;18/02/2025 12:16:46;18/02/2025 12:58:34;N2_EVERIS_MIMOVISTAR;Critica;Resolved;NO;;Alto;42;Cerrado;18/02/2025 12:16:46;44;02_2025;
NTTDATA;NTTDATA N2;2;1200;L a V 8 a 18;2;2025;INC000007578535;18/02/2025 13:09:35;18/02/2025 13:16:30;N2_TIENDA_EVERIS;Baja;Asignado;NO;;Bajo;7;Cerrado;18/02/2025 13:09:35;44;02_2025;
NTTDATA;NTTDATA N2;2;1200;L a V 8 a 18;2;2025;INC000007578535;18/02/2025 13:16:31;28/02/2025 15:15:15;N2_TIENDA_EVERIS;Baja;Resolved Pend;NO;;Bajo;0;Cerrado;18/02/2025 13:09:35;44;02_2025;
NTTDATA;NTTDATA N2;2;1200;L a V 8 a 18;2;2025;INC000007578565;18/02/2025 14:00:36;18/02/2025 14:13:52;N2_DEVOPS_PCRM_TEF;Baja;Resolved;NO;;Bajo;13;Cerrado;18/02/2025 13:35:40;44;02_2025;
NTTDATA;NTTDATA N2;2;1200;L a V 8 a 18;2;2025;INC000007578583;18/02/2025 14:00:47;18/02/2025 14:40:32;N2_EVERIS_MIMOVISTAR;Baja;Asignado;NO;;Bajo;40;Cerrado;18/02/2025 13:56:57;44;02_2025;
NTTDATA;NTTDATA N2;2;1200;L a V 8 a 18;2;2025;INC000007578583;18/02/2025 14:40:33;21/02/2025 13:53:34;N2_EVERIS_MIMOVISTAR;Baja;Resolved Pend;NO;;Bajo;0;Cerrado;18/02/2025 13:56:57;44;02_2025;
NTTDATA;NTTDATA N2;2;60;7x24;2;2025;INC000007579011;19/02/2025 00:51:31;19/02/2025 00:57:41;N2_TIENDA_EVERIS;Critica;Asignado;NO;;Alto;6;Cerrado;19/02/2025 00:51:31;44;02_2025;
NTTDATA;NTTDATA N2;2;60;7x24;2;2025;INC000007579011;19/02/2025 00:57:42;19/02/2025 09:16:41;N2_TIENDA_EVERIS;Critica;Resolved Pend;NO;;Alto;0;Cerrado;19/02/2025 00:51:31;44;02_2025;
NTTDATA;NTTDATA N2;2;60;7x24;2;2025;INC000007579012;19/02/2025 00:56:24;19/02/2025 01:00:48;N2_TIENDA_EVERIS;Critica;Asignado;NO;;Alto;4;Cerrado;19/02/2025 00:56:24;44;02_2025;
NTTDATA;NTTDATA N2;2;60;7x24;2;2025;INC000007579012;19/02/2025 01:00:49;19/02/2025 09:16:51;N2_TIENDA_EVERIS;Critica;Resolved Pend;NO;;Alto;0;Cerrado;19/02/2025 00:56:24;44;02_2025;
NTTDATA;NTTDATA N2;2;1200;L a V 8 a 18;2;2025;INC000007579052;18/02/2025 22:05:47;19/02/2025 11:06:44;N2_EVERIS_MIMOVISTAR;Baja;Asignado;NO;;Bajo;186;Cerrado;18/02/2025 22:03:57;44;02_2025;
NTTDATA;NTTDATA N2;2;1200;L a V 8 a 18;2;2025;INC000007579052;19/02/2025 11:06:45;28/02/2025 23:59:59;N2_EVERIS_MIMOVISTAR;Baja;Pendiente;NO;;Bajo;0;Cerrado;18/02/2025 22:03:57;44;02_2025;
NTTDATA;NTTDATA N2;2;60;7x24;2;2025;INC000007579076;19/02/2025 00:46:31;19/02/2025 00:57:25;N2_TIENDA_EVERIS;Critica;Asignado;NO;;Alto;11;Cerrado;19/02/2025 00:46:31;44;02_2025;
NTTDATA;NTTDATA N2;2;60;7x24;2;2025;INC000007579076;19/02/2025 00:57:26;19/02/2025 09:17:04;N2_TIENDA_EVERIS;Critica;Resolved Pend;NO;;Alto;0;Cerrado;19/02/2025 00:46:31;44;02_2025;
NTTDATA;NTTDATA N2;2;1200;L a V 8 a 18;2;2025;INC000007579083;19/02/2025 01:31:21;19/02/2025 09:43:48;N2_DEVOPS_PCRM_TEF;Baja;Asignado;NO;;Bajo;103;Cerrado;19/02/2025 01:26:16;44;02_2025;
NTTDATA;NTTDATA N2;2;1200;L a V 8 a 18;2;2025;INC000007579257;19/02/2025 09:15:16;19/02/2025 09:17:18;N2_TIENDA_EVERIS;Baja;Asignado;NO;;Bajo;2;Cerrado;19/02/2025 09:15:16;44;02_2025;
NTTDATA;NTTDATA N2;2;1200;L a V 8 a 18;2;2025;INC000007579257;19/02/2025 09:17:19;19/02/2025 15:29:53;N2_TIENDA_EVERIS;Baja;Resolved Pend;NO;;Bajo;0;Cerrado;19/02/2025 09:15:16;44;02_2025;
NTTDATA;NTTDATA N2;2;1200;L a V 8 a 18;2;2025;INC000007579606;19/02/2025 14:05:20;19/02/2025 14:06:57;N2_TIENDA_EVERIS;Baja;Asignado;NO;;Bajo;1;Cerrado;19/02/2025 14:05:20;44;02_2025;
NTTDATA;NTTDATA N2;2;1200;L a V 8 a 18;2;2025;INC000007579606;19/02/2025 14:06:58;19/02/2025 14:09:57;N2_TIENDA_EVERIS;Baja;Resolved Pend;NO;;Bajo;0;Cerrado;19/02/2025 14:05:20;44;02_2025;
NTTDATA;NTTDATA N2;2;1200;L a V 8 a 18;2;2025;INC000007579610;19/02/2025 14:09:49;19/02/2025 14:11:15;N2_TIENDA_EVERIS;Baja;Asignado;NO;;Bajo;2;Cerrado;19/02/2025 14:09:49;44;02_2025;
NTTDATA;NTTDATA N2;2;1200;L a V 8 a 18;2;2025;INC000007579610;19/02/2025 14:11:16;19/02/2025 15:30:41;N2_TIENDA_EVERIS;Baja;Resolved Pend;NO;;Bajo;0;Cerrado;19/02/2025 14:09:49;44;02_2025;
NTTDATA;NTTDATA N2;2;1200;L a V 8 a 18;2;2025;INC000007579622;19/02/2025 14:20:48;19/02/2025 14:23:33;N2_EVERIS_MIMOVISTAR;Baja;Asignado;NO;;Bajo;3;Cerrado;19/02/2025 14:18:59;44;02_2025;
NTTDATA;NTTDATA N2;2;1200;L a V 8 a 18;2;2025;INC000007579622;19/02/2025 14:23:34;28/02/2025 23:59:59;N2_EVERIS_MIMOVISTAR;Baja;Pendiente;NO;;Bajo;0;Cerrado;19/02/2025 14:18:59;44;02_2025;
NTTDATA;NTTDATA N2;2;60;7x24;2;2025;INC000007579626;19/02/2025 14:21:49;19/02/2025 14:23:11;N2_EVERIS_MIMOVISTAR;Critica;Asignado;NO;;Alto;2;Cerrado;19/02/2025 14:21:49;44;02_2025;
NTTDATA;NTTDATA N2;2;60;7x24;2;2025;INC000007579626;19/02/2025 14:23:12;19/02/2025 14:28:31;N2_EVERIS_MIMOVISTAR;Critica;Resolved Pend;NO;;Alto;0;Cerrado;19/02/2025 14:21:49;44;02_2025;
NTTDATA;NTTDATA N2;2;1200;L a V 8 a 18;2;2025;INC000007579763;19/02/2025 15:10:47;20/02/2025 09:39:09;N2_EVERIS_MIMOVISTAR;Baja;Asignado;NO;;Bajo;269;Cerrado;19/02/2025 15:09:15;44;02_2025;
NTTDATA;NTTDATA N2;2;1200;L a V 8 a 18;2;2025;INC000007579763;20/02/2025 09:39:10;21/02/2025 13:54:39;N2_EVERIS_MIMOVISTAR;Baja;Resolved Pend;NO;;Bajo;0;Cerrado;19/02/2025 15:09:15;44;02_2025;
NTTDATA;NTTDATA N2;2;1200;L a V 8 a 18;2;2025;INC000007580169;20/02/2025 00:41:17;20/02/2025 09:39:32;N2_EVERIS_MIMOVISTAR;Baja;Asignado;NO;;Bajo;99;Cerrado;20/02/2025 00:39:23;44;02_2025;
NTTDATA;NTTDATA N2;2;1200;L a V 8 a 18;2;2025;INC000007580169;20/02/2025 09:39:33;28/02/2025 23:59:59;N2_EVERIS_MIMOVISTAR;Baja;Pendiente;NO;;Bajo;0;Cerrado;20/02/2025 00:39:23;44;02_2025;
NTTDATA;NTTDATA N2;2;60;7x24;2;2025;INC000007580352;20/02/2025 08:36:46;20/02/2025 09:03:49;N2_TIENDA_EVERIS;Critica;Resolved;NO;;Alto;27;Cerrado;20/02/2025 08:36:46;44;02_2025;
NTTDATA;NTTDAATA N3;3;4800;L a V 8 a 18;2;2025;INC000007580434;20/02/2025 16:11:14;20/02/2025 17:12:34;N3_EVERIS_WEBAPO;Baja;Asignado;NO;;Bajo;61;Pendiente;20/02/2025 11:01:09;44;02_2025;
NTTDATA;NTTDAATA N3;3;4800;L a V 8 a 18;2;2025;INC000007580434;20/02/2025 17:12:35;28/02/2025 23:59:59;N3_EVERIS_WEBAPO;Baja;Pendiente;NO;;Bajo;0;Pendiente;20/02/2025 11:01:09;44;02_2025;
NTTDATA;NTTDATA N2;2;1200;L a V 8 a 18;2;2025;INC000007580471;20/02/2025 11:41:46;20/02/2025 11:44:33;N2_TIENDA_EVERIS;Baja;Asignado;NO;;Bajo;3;Cerrado;20/02/2025 11:41:46;44;02_2025;
NTTDATA;NTTDATA N2;2;1200;L a V 8 a 18;2;2025;INC000007580471;20/02/2025 11:44:34;21/02/2025 10:33:17;N2_TIENDA_EVERIS;Baja;Resolved Pend;NO;;Bajo;0;Cerrado;20/02/2025 11:41:46;44;02_2025;
NTTDATA;NTTDATA N2;2;1200;L a V 8 a 18;2;2025;INC000007580477;20/02/2025 11:47:35;20/02/2025 11:54:56;N2_TIENDA_EVERIS;Baja;Asignado;NO;;Bajo;7;Cerrado;20/02/2025 11:47:35;44;02_2025;
NTTDATA;NTTDATA N2;2;1200;L a V 8 a 18;2;2025;INC000007580477;20/02/2025 11:54:57;24/02/2025 09:08:50;N2_TIENDA_EVERIS;Baja;Resolved Pend;NO;;Bajo;0;Cerrado;20/02/2025 11:47:35;44;02_2025;
NTTDATA;NTTDATA N2;2;1200;L a V 8 a 18;2;2025;INC000007580568;20/02/2025 12:12:46;20/02/2025 12:36:57;N2_TIENDA_EVERIS;Baja;Asignado;NO;;Bajo;24;Cerrado;20/02/2025 12:12:46;44;02_2025;
NTTDATA;NTTDATA N2;2;1200;L a V 8 a 18;2;2025;INC000007580568;20/02/2025 12:36:58;20/02/2025 13:25:19;N2_TIENDA_EVERIS;Baja;Resolved Pend;NO;;Bajo;0;Cerrado;20/02/2025 12:12:46;44;02_2025;
NTTDATA;NTTDATA N2;2;60;7x24;2;2025;INC000007580857;20/02/2025 14:31:49;20/02/2025 14:49:31;N2_TIENDA_EVERIS;Critica;Asignado;NO;;Alto;18;Cerrado;20/02/2025 14:31:49;44;02_2025;
NTTDATA;NTTDATA N2;2;60;7x24;2;2025;INC000007580857;20/02/2025 14:49:32;20/02/2025 15:21:14;N2_TIENDA_EVERIS;Critica;Resolved Pend;NO;;Alto;0;Cerrado;20/02/2025 14:31:49;44;02_2025;
NTTDATA;NTTDATA N2;2;1200;L a V 8 a 18;2;2025;INC000007580981;20/02/2025 16:59:24;20/02/2025 17:03:45;N2_TIENDA_EVERIS;Baja;Asignado;NO;;Bajo;4;Cerrado;20/02/2025 16:59:24;44;02_2025;
NTTDATA;NTTDATA N2;2;1200;L a V 8 a 18;2;2025;INC000007580981;20/02/2025 17:03:46;20/02/2025 17:10:27;N2_TIENDA_EVERIS;Baja;Resolved Pend;NO;;Bajo;0;Cerrado;20/02/2025 16:59:24;44;02_2025;
NTTDATA;NTTDATA N2;2;1200;L a V 8 a 18;2;2025;INC000007581122;20/02/2025 19:45:52;21/02/2025 09:54:01;N2_DEVOPS_PCRM_TEF;Baja;Asignado;NO;;Bajo;0;Cerrado;20/02/2025 19:41:44;44;02_2025;
NTTDATA;NTTDATA N2;2;60;7x24;2;2025;INC000007581144;20/02/2025 20:16:46;20/02/2025 20:20:28;N2_EVERIS_MIMOVISTAR;Critica;Asignado;NO;;Alto;4;Cerrado;20/02/2025 20:16:46;44;02_2025;
NTTDATA;NTTDATA N2;2;60;7x24;2;2025;INC000007581144;20/02/2025 20:20:29;20/02/2025 21:14:48;N2_EVERIS_MIMOVISTAR;Critica;Resolved Pend;NO;;Alto;0;Cerrado;20/02/2025 20:16:46;44;02_2025;
NTTDATA;NTTDATA N2;2;60;7x24;2;2025;INC000007581281;20/02/2025 22:36:46;20/02/2025 22:49:15;N2_TIENDA_EVERIS;Critica;Resolved;NO;;Alto;13;Cerrado;20/02/2025 22:36:46;44;02_2025;
NTTDATA;NTTDATA N2;2;1200;L a V 8 a 18;2;2025;INC000007581517;21/02/2025 11:35:52;21/02/2025 11:50:17;N2_EVERIS_MIMOVISTAR;Baja;Asignado;NO;;Bajo;0;Cerrado;21/02/2025 11:32:05;44;02_2025;
NTTDATA;NTTDATA N2;2;1200;L a V 8 a 18;2;2025;INC000007581517;21/02/2025 11:50:18;28/02/2025 23:59:59;N2_EVERIS_MIMOVISTAR;Baja;Pendiente;NO;;Bajo;0;Cerrado;21/02/2025 11:32:05;44;02_2025;
NTTDATA;NTTDATA N2;2;1200;L a V 8 a 18;2;2025;INC000007581562;21/02/2025 10:42:07;21/02/2025 10:43:19;N2_TIENDA_EVERIS;Baja;Asignado;NO;;Bajo;0;Cerrado;21/02/2025 10:42:07;44;02_2025;
NTTDATA;NTTDATA N2;2;1200;L a V 8 a 18;2;2025;INC000007581562;21/02/2025 10:43:20;21/02/2025 11:11:46;N2_TIENDA_EVERIS;Baja;Resolved Pend;NO;;Bajo;0;Cerrado;21/02/2025 10:42:07;44;02_2025;
NTTDATA;NTTDATA N2;2;1200;L a V 8 a 18;2;2025;INC000007581582;21/02/2025 10:59:16;21/02/2025 11:05:01;N2_TIENDA_EVERIS;Baja;Asignado;NO;;Bajo;0;Cerrado;21/02/2025 10:59:16;44;02_2025;
NTTDATA;NTTDATA N2;2;1200;L a V 8 a 18;2;2025;INC000007581582;21/02/2025 11:05:02;21/02/2025 11:11:00;N2_TIENDA_EVERIS;Baja;Resolved Pend;NO;;Bajo;0;Cerrado;21/02/2025 10:59:16;44;02_2025;
NTTDATA;NTTDATA N2;2;1200;L a V 8 a 18;2;2025;INC000007581815;21/02/2025 14:00:04;21/02/2025 14:12:34;N2_TIENDA_EVERIS;Baja;Asignado;NO;;Bajo;0;Cerrado;21/02/2025 14:00:04;44;02_2025;
NTTDATA;NTTDATA N2;2;1200;L a V 8 a 18;2;2025;INC000007581815;21/02/2025 14:12:35;28/02/2025 15:49:26;N2_TIENDA_EVERIS;Baja;Resolved Pend;NO;;Bajo;0;Cerrado;21/02/2025 14:00:04;44;02_2025;
NTTDATA;NTTDATA N2;2;1200;L a V 8 a 18;2;2025;INC000007582246;21/02/2025 21:15:49;24/02/2025 09:17:01;N2_EVERIS_MIMOVISTAR;Baja;Asignado;NO;;Bajo;677;Cerrado;21/02/2025 21:12:31;44;02_2025;
NTTDATA;NTTDATA N2;2;1200;L a V 8 a 18;2;2025;INC000007582246;24/02/2025 09:17:02;28/02/2025 23:59:59;N2_EVERIS_MIMOVISTAR;Baja;Pendiente;NO;;Bajo;0;Cerrado;21/02/2025 21:12:31;44;02_2025;
NTTDATA;NTTDATA N2;2;60;7x24;2;2025;INC000007582444;22/02/2025 09:06:45;22/02/2025 09:34:22;N2_TIENDA_EVERIS;Critica;Asignado;NO;;Alto;28;Cerrado;22/02/2025 09:06:45;44;02_2025;
NTTDATA;NTTDATA N2;2;60;7x24;2;2025;INC000007582444;22/02/2025 09:34:23;22/02/2025 11:54:40;N2_TIENDA_EVERIS;Critica;Resolved Pend;NO;;Alto;0;Cerrado;22/02/2025 09:06:45;44;02_2025;
NTTDATA;NTTDATA N2;2;60;7x24;2;2025;INC000007582499;22/02/2025 13:51:44;22/02/2025 13:58:23;N2_TIENDA_EVERIS;Critica;Asignado;NO;;Alto;7;Cerrado;22/02/2025 13:51:44;44;02_2025;
NTTDATA;NTTDATA N2;2;60;7x24;2;2025;INC000007582499;22/02/2025 13:58:24;22/02/2025 22:50:34;N2_TIENDA_EVERIS;Critica;Resolved Pend;NO;;Alto;0;Cerrado;22/02/2025 13:51:44;44;02_2025;
NTTDATA;NTTDATA N2;2;1200;L a V 8 a 18;2;2025;INC000007582549;22/02/2025 18:11:18;24/02/2025 09:15:58;N2_EVERIS_MIMOVISTAR;Baja;Asignado;NO;;Bajo;675;Pendiente;22/02/2025 18:08:11;44;02_2025;
NTTDATA;NTTDATA N2;2;1200;L a V 8 a 18;2;2025;INC000007582549;24/02/2025 09:15:59;28/02/2025 23:59:59;N2_EVERIS_MIMOVISTAR;Baja;Pendiente;NO;;Bajo;0;Pendiente;22/02/2025 18:08:11;44;02_2025;
NTTDATA;NTTDATA N2;2;60;7x24;2;2025;INC000007582802;23/02/2025 10:06:45;23/02/2025 10:10:49;N2_TIENDA_EVERIS;Critica;Asignado;NO;;Alto;4;Cerrado;23/02/2025 10:06:45;44;02_2025;
NTTDATA;NTTDATA N2;2;60;7x24;2;2025;INC000007582802;23/02/2025 10:10:50;23/02/2025 13:14:47;N2_TIENDA_EVERIS;Critica;Resolved Pend;NO;;Alto;0;Cerrado;23/02/2025 10:06:45;44;02_2025;
NTTDATA;NTTDATA N2;2;60;7x24;2;2025;INC000007582829;23/02/2025 14:41:43;23/02/2025 14:44:36;N2_TIENDA_EVERIS;Critica;Asignado;NO;;Alto;3;Cerrado;23/02/2025 14:41:43;44;02_2025;
NTTDATA;NTTDATA N2;2;60;7x24;2;2025;INC000007582829;23/02/2025 14:44:37;23/02/2025 22:42:53;N2_TIENDA_EVERIS;Critica;Resolved Pend;NO;;Alto;0;Cerrado;23/02/2025 14:41:43;44;02_2025;
NTTDATA;NTTDATA N2;2;60;7x24;2;2025;INC000007582856;23/02/2025 09:06:46;23/02/2025 09:49:41;N2_TIENDA_EVERIS;Critica;Asignado;NO;;Alto;43;Cerrado;23/02/2025 09:06:46;44;02_2025;
NTTDATA;NTTDATA N2;2;60;7x24;2;2025;INC000007582856;23/02/2025 09:49:42;23/02/2025 13:16:34;N2_TIENDA_EVERIS;Critica;Resolved Pend;NO;;Alto;0;Cerrado;23/02/2025 09:06:46;44;02_2025;
NTTDATA;NTTDATA N2;2;1200;L a V 8 a 18;2;2025;INC000007583034;24/02/2025 09:08:14;24/02/2025 09:10:01;N2_TIENDA_EVERIS;Baja;Asignado;NO;;Bajo;2;Cerrado;24/02/2025 09:08:14;44;02_2025;
NTTDATA;NTTDATA N2;2;1200;L a V 8 a 18;2;2025;INC000007583034;24/02/2025 09:10:02;24/02/2025 10:12:24;N2_TIENDA_EVERIS;Baja;Resolved Pend;NO;;Bajo;0;Cerrado;24/02/2025 09:08:14;44;02_2025;
NTTDATA;NTTDATA N2;2;1200;L a V 8 a 18;2;2025;INC000007583126;24/02/2025 09:13:08;24/02/2025 09:24:19;N2_TIENDA_EVERIS;Baja;Asignado;NO;;Bajo;11;Cerrado;24/02/2025 09:13:08;44;02_2025;
NTTDATA;NTTDATA N2;2;1200;L a V 8 a 18;2;2025;INC000007583126;24/02/2025 09:24:20;24/02/2025 10:15:38;N2_TIENDA_EVERIS;Baja;Resolved Pend;NO;;Bajo;0;Cerrado;24/02/2025 09:13:08;44;02_2025;
NTTDATA;NTTDATA N2;2;60;7x24;2;2025;INC000007583158;24/02/2025 10:06:45;24/02/2025 10:11:10;N2_TIENDA_EVERIS;Critica;Asignado;NO;;Alto;5;Cerrado;24/02/2025 10:06:45;44;02_2025;
NTTDATA;NTTDATA N2;2;60;7x24;2;2025;INC000007583158;24/02/2025 10:11:11;24/02/2025 11:44:53;N2_TIENDA_EVERIS;Critica;Resolved Pend;NO;;Alto;0;Cerrado;24/02/2025 10:06:45;44;02_2025;
NTTDATA;NTTDATA N2;2;1200;L a V 8 a 18;2;2025;INC000007583634;24/02/2025 14:00:56;25/02/2025 10:04:58;N2_EVERIS_MIMOVISTAR;Baja;Asignado;NO;;Bajo;364;Cerrado;24/02/2025 13:59:48;44;02_2025;
NTTDATA;NTTDATA N2;2;1200;L a V 8 a 18;2;2025;INC000007583634;25/02/2025 10:04:59;28/02/2025 23:59:59;N2_EVERIS_MIMOVISTAR;Baja;Pendiente;NO;;Bajo;0;Cerrado;24/02/2025 13:59:48;44;02_2025;
NTTDATA;NTTDAATA N3;3;4800;L a V 8 a 18;2;2025;INC000007583775;25/02/2025 18:11:27;26/02/2025 11:28:53;N3_EVERIS_WEBAPO;Baja;Asignado;NO;;Bajo;208;Cerrado;24/02/2025 14:52:06;44;02_2025;
NTTDATA;NTTDAATA N3;3;4800;L a V 8 a 18;2;2025;INC000007583775;26/02/2025 11:28:54;28/02/2025 23:59:59;N3_EVERIS_WEBAPO;Baja;Pendiente;NO;;Bajo;0;Cerrado;24/02/2025 14:52:06;44;02_2025;
NTTDATA;NTTDATA N2;2;1200;L a V 8 a 18;2;2025;INC000007584214;24/02/2025 21:05:58;25/02/2025 09:32:01;N2_DEVOPS_PCRM_TEF;Baja;Asignado;NO;;Bajo;92;Cerrado;24/02/2025 21:03:26;44;02_2025;
NTTDATA;NTTDATA N2;2;1200;L a V 8 a 18;2;2025;INC000007584614;25/02/2025 08:58:24;25/02/2025 09:30:06;N2_TIENDA_EVERIS;Baja;Asignado;NO;;Bajo;32;Cerrado;25/02/2025 08:58:24;44;02_2025;
NTTDATA;NTTDATA N2;2;1200;L a V 8 a 18;2;2025;INC000007584614;25/02/2025 09:30:07;27/02/2025 16:34:03;N2_TIENDA_EVERIS;Baja;Resolved Pend;NO;;Bajo;0;Cerrado;25/02/2025 08:58:24;44;02_2025;
NTTDATA;NTTDATA N2;2;60;7x24;2;2025;INC000007584618;25/02/2025 09:06:48;25/02/2025 09:29:38;N2_TIENDA_EVERIS;Critica;Asignado;NO;;Alto;23;Cerrado;25/02/2025 09:06:48;44;02_2025;
NTTDATA;NTTDATA N2;2;60;7x24;2;2025;INC000007584618;25/02/2025 09:29:39;25/02/2025 09:31:15;N2_TIENDA_EVERIS;Critica;Resolved Pend;NO;;Alto;0;Cerrado;25/02/2025 09:06:48;44;02_2025;
NTTDATA;NTTDAATA N3;3;4800;L a V 8 a 18;2;2025;INC000007584756;25/02/2025 17:54:17;26/02/2025 11:28:07;N3_EVERIS_WEBAPO;Baja;Asignado;NO;;Bajo;214;Cerrado;25/02/2025 09:58:01;44;02_2025;
NTTDATA;NTTDAATA N3;3;4800;L a V 8 a 18;2;2025;INC000007584756;26/02/2025 11:28:08;28/02/2025 23:59:59;N3_EVERIS_WEBAPO;Baja;Pendiente;NO;;Bajo;0;Cerrado;25/02/2025 09:58:01;44;02_2025;
NTTDATA;NTTDATA N2;2;60;7x24;2;2025;INC000007584851;25/02/2025 10:06:52;25/02/2025 10:07:37;N2_TIENDA_EVERIS;Critica;Asignado;NO;;Alto;1;Cerrado;25/02/2025 10:06:52;44;02_2025;
NTTDATA;NTTDATA N2;2;60;7x24;2;2025;INC000007584851;25/02/2025 10:07:38;25/02/2025 11:21:13;N2_TIENDA_EVERIS;Critica;Resolved Pend;NO;;Alto;0;Cerrado;25/02/2025 10:06:52;44;02_2025;
NTTDATA;NTTDAATA N3;3;4800;L a V 8 a 18;2;2025;INC000007585612;27/02/2025 16:45:58;27/02/2025 17:45:04;N3_EVERIS_WEBAPO;Baja;Asignado;NO;;Bajo;60;Cerrado;25/02/2025 16:46:47;44;02_2025;
NTTDATA;NTTDAATA N3;3;4800;L a V 8 a 18;2;2025;INC000007585612;27/02/2025 17:45:05;28/02/2025 23:59:59;N3_EVERIS_WEBAPO;Baja;Pendiente;NO;;Bajo;0;Cerrado;25/02/2025 16:46:47;44;02_2025;
NTTDATA;NTTDATA N2;2;60;7x24;2;2025;INC000007586006;26/02/2025 02:31:45;26/02/2025 02:50:12;N2_EVERIS_MIMOVISTAR;Critica;Asignado;NO;;Alto;19;Cerrado;26/02/2025 02:31:45;44;02_2025;
NTTDATA;NTTDATA N2;2;1200;L a V 8 a 18;2;2025;INC000007586462;26/02/2025 12:20:49;26/02/2025 14:14:01;N2_EVERIS_MIMOVISTAR;Baja;Asignado;NO;;Bajo;114;Cerrado;26/02/2025 12:16:44;44;02_2025;
NTTDATA;NTTDATA N2;2;1200;L a V 8 a 18;2;2025;INC000007586462;26/02/2025 14:14:02;28/02/2025 23:59:59;N2_EVERIS_MIMOVISTAR;Baja;Pendiente;NO;;Bajo;0;Cerrado;26/02/2025 12:16:44;44;02_2025;
NTTDATA;NTTDATA N2;2;1200;L a V 8 a 18;2;2025;INC000007586693;26/02/2025 14:56:51;26/02/2025 15:57:13;N2_TIENDA_EVERIS;Baja;Asignado;NO;;Bajo;61;Cerrado;26/02/2025 14:56:51;44;02_2025;
NTTDATA;NTTDATA N2;2;1200;L a V 8 a 18;2;2025;INC000007586693;26/02/2025 15:57:14;28/02/2025 18:03:45;N2_TIENDA_EVERIS;Baja;Resolved Pend;NO;;Bajo;0;Cerrado;26/02/2025 14:56:51;44;02_2025;
NTTDATA;NTTDATA N2;2;1200;L a V 8 a 18;2;2025;INC000007586827;26/02/2025 16:43:00;26/02/2025 16:47:28;N2_TIENDA_EVERIS;Baja;Asignado;NO;;Bajo;4;Cerrado;26/02/2025 16:43:00;44;02_2025;
NTTDATA;NTTDATA N2;2;1200;L a V 8 a 18;2;2025;INC000007586827;26/02/2025 16:47:29;26/02/2025 17:00:18;N2_TIENDA_EVERIS;Baja;Resolved Pend;NO;;Bajo;0;Cerrado;26/02/2025 16:43:00;44;02_2025;
NTTDATA;NTTDATA N2;2;1200;L a V 8 a 18;2;2025;INC000007586900;27/02/2025 12:35:57;27/02/2025 13:38:27;N2_DEVOPS_PCRM_TEF;Baja;Resolved;NO;;Bajo;63;Cerrado;26/02/2025 17:00:12;44;02_2025;
NTTDATA;NTTDATA N2;2;60;7x24;2;2025;INC000007587346;27/02/2025 08:31:47;27/02/2025 08:35:33;N2_EVERIS_MIMOVISTAR;Critica;Asignado;NO;;Alto;4;Cerrado;27/02/2025 08:31:47;44;02_2025;
NTTDATA;NTTDATA N2;2;60;7x24;2;2025;INC000007587346;27/02/2025 08:35:34;27/02/2025 09:17:40;N2_EVERIS_MIMOVISTAR;Critica;Resolved Pend;NO;;Alto;0;Cerrado;27/02/2025 08:31:47;44;02_2025;
NTTDATA;NTTDATA N2;2;1200;L a V 8 a 18;2;2025;INC000007587393;27/02/2025 10:00:56;27/02/2025 10:26:45;N2_TIENDA_EVERIS;Baja;Asignado;NO;;Bajo;26;Cerrado;27/02/2025 10:00:56;44;02_2025;
NTTDATA;NTTDATA N2;2;1200;L a V 8 a 18;2;2025;INC000007587393;27/02/2025 10:26:46;27/02/2025 11:52:53;N2_TIENDA_EVERIS;Baja;Resolved Pend;NO;;Bajo;0;Cerrado;27/02/2025 10:00:56;44;02_2025;
NTTDATA;NTTDATA N2;2;1200;L a V 8 a 18;2;2025;INC000007587946;27/02/2025 16:00:56;27/02/2025 16:44:08;N2_EVERIS_MIMOVISTAR;Baja;Asignado;NO;;Bajo;44;Cerrado;27/02/2025 15:53:44;44;02_2025;
NTTDATA;NTTDATA N2;2;1200;L a V 8 a 18;2;2025;INC000007587946;27/02/2025 16:44:09;28/02/2025 23:59:59;N2_EVERIS_MIMOVISTAR;Baja;Pendiente;NO;;Bajo;0;Cerrado;27/02/2025 15:53:44;44;02_2025;
NTTDATA;NTTDATA N2;2;1200;L a V 8 a 18;2;2025;INC000007587976;27/02/2025 16:43:19;27/02/2025 16:52:51;N2_TIENDA_EVERIS;Baja;Asignado;NO;;Bajo;9;Cerrado;27/02/2025 16:43:19;44;02_2025;
NTTDATA;NTTDATA N2;2;1200;L a V 8 a 18;2;2025;INC000007587976;27/02/2025 16:52:52;28/02/2025 18:02:48;N2_TIENDA_EVERIS;Baja;Resolved Pend;NO;;Bajo;0;Cerrado;27/02/2025 16:43:19;44;02_2025;
NTTDATA;NTTDATA N2;2;1440;L a V 8 a 20;2;2025;INC000007588202;27/02/2025 23:18:20;27/02/2025 23:20:06;N2_TIENDA_EVERIS;Baja;Asignado;NO;;Critico;0;Cerrado;27/02/2025 22:40:31;44;02_2025;
NTTDATA;NTTDATA N2;2;1440;L a V 8 a 20;2;2025;INC000007588202;27/02/2025 23:20:07;28/02/2025 00:36:40;N2_TIENDA_EVERIS;Baja;Resolved Pend;NO;;Critico;0;Cerrado;27/02/2025 22:40:31;44;02_2025;
NTTDATA;NTTDATA N2;2;60;7x24;2;2025;INC000007588304;27/02/2025 22:06:43;27/02/2025 22:16:34;N2_TIENDA_EVERIS;Critica;Resolved;NO;;Alto;10;Cerrado;27/02/2025 22:06:43;44;02_2025;
NTTDATA;NTTDATA N2;2;60;7x24;2;2025;INC000007588307;27/02/2025 22:46:47;27/02/2025 23:02:56;N2_EVERIS_MIMOVISTAR;Critica;Asignado;NO;;Alto;16;Cerrado;27/02/2025 22:46:47;44;02_2025;
NTTDATA;NTTDATA N2;2;1200;L a V 8 a 18;2;2025;INC000007588561;28/02/2025 09:59:18;28/02/2025 10:30:42;N2_TIENDA_EVERIS;Baja;Asignado;NO;;Bajo;0;Cerrado;28/02/2025 09:59:18;44;02_2025;
NTTDATA;NTTDATA N2;2;1200;L a V 8 a 18;2;2025;INC000007588561;28/02/2025 10:30:43;28/02/2025 23:59:59;N2_TIENDA_EVERIS;Baja;Pendiente;NO;;Bajo;0;Cerrado;28/02/2025 09:59:18;44;02_2025;
NTTDATA;NTTDATA N2;2;60;7x24;2;2025;INC000007588866;28/02/2025 13:01:45;28/02/2025 13:03:22;N2_EVERIS_MIMOVISTAR;Critica;Asignado;NO;;Alto;2;Cerrado;28/02/2025 13:01:45;44;02_2025;
NTTDATA;NTTDATA N2;2;60;7x24;2;2025;INC000007588866;28/02/2025 13:03:23;28/02/2025 14:54:02;N2_EVERIS_MIMOVISTAR;Critica;Resolved Pend;NO;;Alto;0;Cerrado;28/02/2025 13:01:45;44;02_2025;
NTTDATA;NTTDATA N2;2;60;7x24;2;2025;INC000007589002;28/02/2025 13:51:46;28/02/2025 13:58:12;N2_TIENDA_EVERIS;Critica;Asignado;NO;;Alto;7;Cerrado;28/02/2025 13:51:46;44;02_2025;
NTTDATA;NTTDATA N2;2;60;7x24;2;2025;INC000007589002;28/02/2025 13:58:13;28/02/2025 15:06:55;N2_TIENDA_EVERIS;Critica;Resolved Pend;NO;;Alto;0;Cerrado;28/02/2025 13:51:46;44;02_2025;
NTTDATA;NTTDATA N2;2;1200;L a V 8 a 18;2;2025;INC000007589086;28/02/2025 15:08:39;28/02/2025 15:10:52;N2_TIENDA_EVERIS;Baja;Asignado;NO;;Bajo;0;Cerrado;28/02/2025 15:08:39;44;02_2025;
NTTDATA;NTTDATA N2;2;1200;L a V 8 a 18;2;2025;INC000007589086;28/02/2025 15:10:53;28/02/2025 15:25:04;N2_TIENDA_EVERIS;Baja;Resolved Pend;NO;;Bajo;0;Cerrado;28/02/2025 15:08:39;44;02_2025;
